Course ID,Type,Identifier,Topic Name,Topic Link,Entity Type
40355,Slide,1,Recommender Systems,http://dbpedia.org/resource/Recommender_system,PERSON
40355,Slide,1,Concordia University,http://dbpedia.org/resource/Main_Page,ORG
40355,Slide,1,Steve Jobs,http://dbpedia.org/resource/Steve_Jobs,PERSON
40355,Slide,1,English,http://dbpedia.org/resource/English_language,NORP
40355,Slide,1,French,http://dbpedia.org/resource/French_language,NORP
40355,Slide,1,UIMA,http://dbpedia.org/resource/UIMA,ORG
40355,Slide,1,GATE,http://dbpedia.org/resource/General_Architecture_for_Text_Engineering,ORG
40355,Slide,1,Refinitiv,http://dbpedia.org/resource/Refinitiv,ORG
40355,Slide,1,Machine Learning,http://dbpedia.org/resource/Machine_learning,PERSON
40355,Slide,1,IBM,http://dbpedia.org/resource/IBM,ORG
40355,Slide,1,LOD,http://dbpedia.org/resource/Genetic_linkage,ORG
40355,Slide,1,RDF,http://dbpedia.org/resource/Resource_Description_Framework,ORG
40355,Slide,1,Mona Lisa,http://dbpedia.org/resource/Mona_Lisa,WORK_OF_ART
40355,Slide,1,Layer Cake,http://dbpedia.org/resource/Layer_cake,WORK_OF_ART
40355,Slide,1,Deep Learning,http://dbpedia.org/resource/Deep_learning,PERSON
40355,Slide,1,Apple Siri,http://dbpedia.org/resource/Siri,PERSON
40355,Slide,1,Amazon Alexa,http://dbpedia.org/resource/Amazon_Alexa,ORG
40355,Slide,1,Microsoft Tay,http://dbpedia.org/resource/Tay_(bot),PERSON
40355,Slide,1,Microsoft,http://dbpedia.org/resource/Microsoft,ORG
40355,Slide,1,Gartner,http://dbpedia.org/resource/Gartner,ORG
40355,Slide,2,Recommender Systems,http://dbpedia.org/resource/Recommender_system,PERSON
40355,Slide,2,Concordia University,http://dbpedia.org/resource/Main_Page,ORG
40355,Slide,2,Steve Jobs,http://dbpedia.org/resource/Steve_Jobs,PERSON
40355,Slide,2,English,http://dbpedia.org/resource/English_language,NORP
40355,Slide,2,French,http://dbpedia.org/resource/French_language,NORP
40355,Slide,2,UIMA,http://dbpedia.org/resource/UIMA,ORG
40355,Slide,2,GATE,http://dbpedia.org/resource/General_Architecture_for_Text_Engineering,ORG
40355,Slide,2,Refinitiv,http://dbpedia.org/resource/Refinitiv,ORG
40355,Slide,2,Machine Learning,http://dbpedia.org/resource/Machine_learning,PERSON
40355,Slide,2,IBM,http://dbpedia.org/resource/IBM,ORG
40355,Slide,2,LOD,http://dbpedia.org/resource/Genetic_linkage,ORG
40355,Slide,2,RDF,http://dbpedia.org/resource/Resource_Description_Framework,ORG
40355,Slide,2,Mona Lisa,http://dbpedia.org/resource/Mona_Lisa,WORK_OF_ART
40355,Slide,2,Layer Cake,http://dbpedia.org/resource/Layer_cake,WORK_OF_ART
40355,Slide,2,Deep Learning,http://dbpedia.org/resource/Deep_learning,PERSON
40355,Slide,2,Apple Siri,http://dbpedia.org/resource/Siri,PERSON
40355,Slide,2,Amazon Alexa,http://dbpedia.org/resource/Amazon_Alexa,ORG
40355,Slide,2,Microsoft Tay,http://dbpedia.org/resource/Tay_(bot),PERSON
40355,Slide,2,Microsoft,http://dbpedia.org/resource/Microsoft,ORG
40355,Slide,2,Gartner,http://dbpedia.org/resource/Gartner,ORG
40355,Slide,2,Perceptron,http://dbpedia.org/resource/Perceptron,ORG
40355,Slide,2,Keras,http://dbpedia.org/resource/Keras,ORG
40355,Slide,2,Word Vectors,http://dbpedia.org/resource/Word_embedding,ORG
40355,Slide,2,Japan,http://dbpedia.org/resource/Japan,GPE
40355,Slide,2,Sushi,http://dbpedia.org/resource/Sushi,GPE
40355,Slide,2,Germany,http://dbpedia.org/resource/Germany,GPE
40355,Slide,2,XOR,http://dbpedia.org/resource/Exclusive_or,ORG
40355,Slide,2,MIT Press,http://dbpedia.org/resource/MIT_Press,ORG
40355,Slide,2,numpy,http://dbpedia.org/resource/NumPy,NORP
40355,Slide,2,Louis Pasteur,http://dbpedia.org/resource/Louis_Pasteur,PERSON
40355,Slide,2,Google,http://dbpedia.org/resource/Google,ORG
40355,Slide,2,Google News,http://dbpedia.org/resource/Google_News,ORG
40355,Slide,2,Harry Potter,http://dbpedia.org/resource/Harry_Potter,PERSON
40355,Slide,2,skip-gram,http://dbpedia.org/resource/N-gram,QUANTITY
40355,Slide,2,Monet,http://dbpedia.org/resource/Claude_Monet,ORG
40355,Slide,2,Berlin,http://dbpedia.org/resource/Berlin,GPE
40355,Slide,2,Pros & Cons,http://dbpedia.org/resource/Pros_&_Cons,ORG
40355,Slide,2,New York,http://dbpedia.org/resource/New_York_City,GPE
40355,Slide,2,PCA,http://dbpedia.org/resource/Principal_component_analysis,ORG
40355,Slide,2,Cole Howard,http://dbpedia.org/resource/Cole_Howard,PERSON
40355,Slide,3,Recommender Systems,http://dbpedia.org/resource/Recommender_system,PERSON
40355,Slide,3,Concordia University,http://dbpedia.org/resource/Main_Page,ORG
40355,Slide,3,Steve Jobs,http://dbpedia.org/resource/Steve_Jobs,PERSON
40355,Slide,3,English,http://dbpedia.org/resource/English_language,NORP
40355,Slide,3,French,http://dbpedia.org/resource/French_language,NORP
40355,Slide,3,UIMA,http://dbpedia.org/resource/UIMA,ORG
40355,Slide,3,GATE,http://dbpedia.org/resource/General_Architecture_for_Text_Engineering,ORG
40355,Slide,3,Refinitiv,http://dbpedia.org/resource/Refinitiv,ORG
40355,Slide,3,Machine Learning,http://dbpedia.org/resource/Machine_learning,PERSON
40355,Slide,3,IBM,http://dbpedia.org/resource/IBM,ORG
40355,Slide,3,LOD,http://dbpedia.org/resource/Genetic_linkage,ORG
40355,Slide,3,RDF,http://dbpedia.org/resource/Resource_Description_Framework,ORG
40355,Slide,3,Mona Lisa,http://dbpedia.org/resource/Mona_Lisa,WORK_OF_ART
40355,Slide,3,Layer Cake,http://dbpedia.org/resource/Layer_cake,WORK_OF_ART
40355,Slide,3,Deep Learning,http://dbpedia.org/resource/Deep_learning,PERSON
40355,Slide,3,Apple Siri,http://dbpedia.org/resource/Siri,PERSON
40355,Slide,3,Amazon Alexa,http://dbpedia.org/resource/Amazon_Alexa,ORG
40355,Slide,3,Microsoft Tay,http://dbpedia.org/resource/Tay_(bot),PERSON
40355,Slide,3,Microsoft,http://dbpedia.org/resource/Microsoft,ORG
40355,Slide,3,Gartner,http://dbpedia.org/resource/Gartner,ORG
40355,Slide,3,Perceptron,http://dbpedia.org/resource/Perceptron,ORG
40355,Slide,3,Keras,http://dbpedia.org/resource/Keras,ORG
40355,Slide,3,Word Vectors,http://dbpedia.org/resource/Word_embedding,ORG
40355,Slide,3,Japan,http://dbpedia.org/resource/Japan,GPE
40355,Slide,3,Sushi,http://dbpedia.org/resource/Sushi,GPE
40355,Slide,3,Germany,http://dbpedia.org/resource/Germany,GPE
40355,Slide,3,XOR,http://dbpedia.org/resource/Exclusive_or,ORG
40355,Slide,3,MIT Press,http://dbpedia.org/resource/MIT_Press,ORG
40355,Slide,3,numpy,http://dbpedia.org/resource/NumPy,NORP
40355,Slide,3,Louis Pasteur,http://dbpedia.org/resource/Louis_Pasteur,PERSON
40355,Slide,3,Google,http://dbpedia.org/resource/Google,ORG
40355,Slide,3,Google News,http://dbpedia.org/resource/Google_News,ORG
40355,Slide,3,Harry Potter,http://dbpedia.org/resource/Harry_Potter,PERSON
40355,Slide,3,skip-gram,http://dbpedia.org/resource/N-gram,QUANTITY
40355,Slide,3,Monet,http://dbpedia.org/resource/Claude_Monet,ORG
40355,Slide,3,Berlin,http://dbpedia.org/resource/Berlin,GPE
40355,Slide,3,Pros & Cons,http://dbpedia.org/resource/Pros_&_Cons,ORG
40355,Slide,3,New York,http://dbpedia.org/resource/New_York_City,GPE
40355,Slide,3,PCA,http://dbpedia.org/resource/Principal_component_analysis,ORG
40355,Slide,3,Cole Howard,http://dbpedia.org/resource/Cole_Howard,PERSON
40355,Slide,3,CNN,http://dbpedia.org/resource/Convolutional_neural_network,ORG
40355,Slide,3,DL,http://dbpedia.org/resource/X86,ORG
40355,Slide,3,kernel,http://dbpedia.org/resource/Kernel_method,PERSON
40355,Slide,3,Overfitting,http://dbpedia.org/resource/Overfitting,ORG
40355,Slide,3,IMDB,http://dbpedia.org/resource/IMDb,ORG
40355,Slide,3,Jeremy Brett,http://dbpedia.org/resource/Jeremy_Brett,PERSON
40355,Slide,3,David Foster,http://dbpedia.org/resource/David_Foster,PERSON
40355,Slide,4,Recommender Systems,http://dbpedia.org/resource/Recommender_system,PERSON
40355,Slide,4,Concordia University,http://dbpedia.org/resource/Main_Page,ORG
40355,Slide,4,Steve Jobs,http://dbpedia.org/resource/Steve_Jobs,PERSON
40355,Slide,4,English,http://dbpedia.org/resource/English_language,NORP
40355,Slide,4,French,http://dbpedia.org/resource/French_language,LANGUAGE
40355,Slide,4,UIMA,http://dbpedia.org/resource/UIMA,ORG
40355,Slide,4,GATE,http://dbpedia.org/resource/General_Architecture_for_Text_Engineering,ORG
40355,Slide,4,Refinitiv,http://dbpedia.org/resource/Refinitiv,ORG
40355,Slide,4,Machine Learning,http://dbpedia.org/resource/Machine_learning,PERSON
40355,Slide,4,IBM,http://dbpedia.org/resource/IBM,ORG
40355,Slide,4,LOD,http://dbpedia.org/resource/Genetic_linkage,ORG
40355,Slide,4,RDF,http://dbpedia.org/resource/Resource_Description_Framework,ORG
40355,Slide,4,Mona Lisa,http://dbpedia.org/resource/Mona_Lisa,WORK_OF_ART
40355,Slide,4,DBpedia,http://dbpedia.org/resource/DBpedia,GPE
40355,Slide,4,Layer Cake,http://dbpedia.org/resource/Layer_cake,WORK_OF_ART
40355,Slide,4,FOAF,http://dbpedia.org/resource/FOAF_(ontology),ORG
40355,Slide,4,Deep Learning,http://dbpedia.org/resource/Deep_learning,PERSON
40355,Slide,4,Apple Siri,http://dbpedia.org/resource/Siri,PERSON
40355,Slide,4,Amazon Alexa,http://dbpedia.org/resource/Amazon_Alexa,ORG
40355,Slide,4,Microsoft Tay,http://dbpedia.org/resource/Tay_(bot),PERSON
40355,Slide,4,Microsoft,http://dbpedia.org/resource/Microsoft,ORG
40355,Slide,4,Gartner,http://dbpedia.org/resource/Gartner,ORG
40355,Slide,4,Perceptron,http://dbpedia.org/resource/Perceptron,ORG
40355,Slide,4,Keras,http://dbpedia.org/resource/Keras,ORG
40355,Slide,4,Word Vectors,http://dbpedia.org/resource/Word_embedding,ORG
40355,Slide,4,Japan,http://dbpedia.org/resource/Japan,GPE
40355,Slide,4,Sushi,http://dbpedia.org/resource/Sushi,GPE
40355,Slide,4,Germany,http://dbpedia.org/resource/Germany,GPE
40355,Slide,4,XOR,http://dbpedia.org/resource/Exclusive_or,ORG
40355,Slide,4,MIT Press,http://dbpedia.org/resource/MIT_Press,ORG
40355,Slide,4,numpy,http://dbpedia.org/resource/NumPy,NORP
40355,Slide,4,Louis Pasteur,http://dbpedia.org/resource/Louis_Pasteur,PERSON
40355,Slide,4,Google,http://dbpedia.org/resource/Google,ORG
40355,Slide,4,Google News,http://dbpedia.org/resource/Google_News,ORG
40355,Slide,4,Harry Potter,http://dbpedia.org/resource/Harry_Potter,PERSON
40355,Slide,4,skip-gram,http://dbpedia.org/resource/N-gram,QUANTITY
40355,Slide,4,Monet,http://dbpedia.org/resource/Claude_Monet,ORG
40355,Slide,4,Berlin,http://dbpedia.org/resource/Berlin,GPE
40355,Slide,4,Pros & Cons,http://dbpedia.org/resource/Pros_&_Cons,ORG
40355,Slide,4,New York,http://dbpedia.org/resource/New_York_City,GPE
40355,Slide,4,PCA,http://dbpedia.org/resource/Principal_component_analysis,ORG
40355,Slide,4,Cole Howard,http://dbpedia.org/resource/Cole_Howard,PERSON
40355,Slide,4,CNN,http://dbpedia.org/resource/Convolutional_neural_network,ORG
40355,Slide,4,DL,http://dbpedia.org/resource/X86,ORG
40355,Slide,4,kernel,http://dbpedia.org/resource/Kernel_method,PERSON
40355,Slide,4,Overfitting,http://dbpedia.org/resource/Overfitting,ORG
40355,Slide,4,IMDB,http://dbpedia.org/resource/IMDb,ORG
40355,Slide,4,Jeremy Brett,http://dbpedia.org/resource/Jeremy_Brett,PERSON
40355,Slide,4,David Foster,http://dbpedia.org/resource/David_Foster,PERSON
40355,Slide,4,Lennon,http://dbpedia.org/resource/John_Lennon,ORG
40355,Slide,4,GraphIQ,http://dbpedia.org/resource/Graphiq,ORG
40355,Slide,4,Wikipedia,http://dbpedia.org/resource/Wikipedia,ORG
40355,Slide,4,WWW,http://dbpedia.org/resource/World_Wide_Web,ORG
40355,Slide,4,YouTube,http://dbpedia.org/resource/YouTube,ORG
40355,Slide,4,Winograd,http://dbpedia.org/resource/Terry_Winograd,GPE
40355,Slide,4,Rumelhart,http://dbpedia.org/resource/David_Rumelhart,PERSON
40355,Slide,4,OWL,http://dbpedia.org/resource/Web_Ontology_Language,ORG
40355,Slide,4,SKOS,http://dbpedia.org/resource/Simple_Knowledge_Organization_System,ORG
40355,Slide,4,Knowledge Navigator,http://dbpedia.org/resource/Knowledge_Navigator,WORK_OF_ART
40355,Slide,4,Semantic Networks,http://dbpedia.org/resource/Semantic_network,ORG
40355,Slide,4,Description Logic,http://dbpedia.org/resource/Description_logic,PERSON
40355,Slide,4,Oracle Spatial,http://dbpedia.org/resource/Oracle_Spatial_and_Graph,ORG
40355,Slide,4,Wikidata,http://dbpedia.org/resource/Wikidata,ORG
40355,Slide,4,YAGO,http://dbpedia.org/resource/YAGO_(database),ORG
40355,Slide,4,IRI,http://dbpedia.org/resource/Internationalized_Resource_Identifier,ORG
40355,Slide,4,Java,http://dbpedia.org/resource/Java_virtual_machine,GPE
40355,Slide,4,PHP,http://dbpedia.org/resource/PHP,ORG
40355,Slide,4,Harper Collins,http://dbpedia.org/resource/HarperCollins,PERSON
40355,Slide,4,London,http://dbpedia.org/resource/London,GPE
40355,Slide,4,WordNet,http://dbpedia.org/resource/WordNet,ORG
40355,Slide,4,GeoNames,http://dbpedia.org/resource/GeoNames,ORG
40355,Slide,4,Julia,http://dbpedia.org/resource/Julia_the_Elder,GPE
40355,Slide,4,Liverpool,http://dbpedia.org/resource/Liverpool,GPE
40355,Slide,4,Alfred Lennon,http://dbpedia.org/resource/Alfred_Lennon,PERSON
40355,Slide,4,Stuart Russell,http://dbpedia.org/resource/Stuart_J._Russell,PERSON
40355,Slide,4,Peter Norvig,http://dbpedia.org/resource/Peter_Norvig,PERSON
40355,Slide,4,Prentice Hall,http://dbpedia.org/resource/Prentice_Hall,PERSON
40355,Slide,5,Recommender Systems,http://dbpedia.org/resource/Recommender_system,PERSON
40355,Slide,5,Concordia University,http://dbpedia.org/resource/Main_Page,ORG
40355,Slide,5,Steve Jobs,http://dbpedia.org/resource/Steve_Jobs,PERSON
40355,Slide,5,English,http://dbpedia.org/resource/English_language,NORP
40355,Slide,5,French,http://dbpedia.org/resource/French_language,LANGUAGE
40355,Slide,5,UIMA,http://dbpedia.org/resource/UIMA,ORG
40355,Slide,5,GATE,http://dbpedia.org/resource/General_Architecture_for_Text_Engineering,ORG
40355,Slide,5,Refinitiv,http://dbpedia.org/resource/Refinitiv,ORG
40355,Slide,5,Machine Learning,http://dbpedia.org/resource/Machine_learning,PERSON
40355,Slide,5,IBM,http://dbpedia.org/resource/IBM,ORG
40355,Slide,5,LOD,http://dbpedia.org/resource/Genetic_linkage,ORG
40355,Slide,5,RDF,http://dbpedia.org/resource/Resource_Description_Framework,ORG
40355,Slide,5,Mona Lisa,http://dbpedia.org/resource/Mona_Lisa,WORK_OF_ART
40355,Slide,5,DBpedia,http://dbpedia.org/resource/DBpedia,GPE
40355,Slide,5,Layer Cake,http://dbpedia.org/resource/Layer_cake,WORK_OF_ART
40355,Slide,5,FOAF,http://dbpedia.org/resource/FOAF_(ontology),ORG
40355,Slide,5,Dublin Core,http://dbpedia.org/resource/Dublin_Core,PERSON
40355,Slide,5,Deep Learning,http://dbpedia.org/resource/Deep_learning,PERSON
40355,Slide,5,Apple Siri,http://dbpedia.org/resource/Siri,PERSON
40355,Slide,5,Amazon Alexa,http://dbpedia.org/resource/Amazon_Alexa,ORG
40355,Slide,5,Microsoft Tay,http://dbpedia.org/resource/Tay_(bot),PERSON
40355,Slide,5,Microsoft,http://dbpedia.org/resource/Microsoft,ORG
40355,Slide,5,Gartner,http://dbpedia.org/resource/Gartner,ORG
40355,Slide,5,Perceptron,http://dbpedia.org/resource/Perceptron,ORG
40355,Slide,5,Keras,http://dbpedia.org/resource/Keras,ORG
40355,Slide,5,Word Vectors,http://dbpedia.org/resource/Word_embedding,ORG
40355,Slide,5,Japan,http://dbpedia.org/resource/Japan,GPE
40355,Slide,5,Sushi,http://dbpedia.org/resource/Sushi,GPE
40355,Slide,5,Germany,http://dbpedia.org/resource/Germany,GPE
40355,Slide,5,XOR,http://dbpedia.org/resource/Exclusive_or,ORG
40355,Slide,5,MIT Press,http://dbpedia.org/resource/MIT_Press,ORG
40355,Slide,5,numpy,http://dbpedia.org/resource/NumPy,NORP
40355,Slide,5,Louis Pasteur,http://dbpedia.org/resource/Louis_Pasteur,PERSON
40355,Slide,5,Google,http://dbpedia.org/resource/Google,ORG
40355,Slide,5,Google News,http://dbpedia.org/resource/Google_News,ORG
40355,Slide,5,Harry Potter,http://dbpedia.org/resource/Harry_Potter,PERSON
40355,Slide,5,skip-gram,http://dbpedia.org/resource/N-gram,QUANTITY
40355,Slide,5,Monet,http://dbpedia.org/resource/Claude_Monet,ORG
40355,Slide,5,Berlin,http://dbpedia.org/resource/Berlin,GPE
40355,Slide,5,Pros & Cons,http://dbpedia.org/resource/Pros_&_Cons,ORG
40355,Slide,5,New York,http://dbpedia.org/resource/New_York_City,GPE
40355,Slide,5,PCA,http://dbpedia.org/resource/Principal_component_analysis,ORG
40355,Slide,5,Cole Howard,http://dbpedia.org/resource/Cole_Howard,PERSON
40355,Slide,5,CNN,http://dbpedia.org/resource/Convolutional_neural_network,ORG
40355,Slide,5,DL,http://dbpedia.org/resource/X86,ORG
40355,Slide,5,kernel,http://dbpedia.org/resource/Kernel_method,PERSON
40355,Slide,5,Overfitting,http://dbpedia.org/resource/Overfitting,ORG
40355,Slide,5,IMDB,http://dbpedia.org/resource/IMDb,ORG
40355,Slide,5,Jeremy Brett,http://dbpedia.org/resource/Jeremy_Brett,PERSON
40355,Slide,5,David Foster,http://dbpedia.org/resource/David_Foster,PERSON
40355,Slide,5,Lennon,http://dbpedia.org/resource/John_Lennon,ORG
40355,Slide,5,GraphIQ,http://dbpedia.org/resource/Graphiq,ORG
40355,Slide,5,Wikipedia,http://dbpedia.org/resource/Wikipedia,ORG
40355,Slide,5,WWW,http://dbpedia.org/resource/World_Wide_Web,ORG
40355,Slide,5,YouTube,http://dbpedia.org/resource/YouTube,ORG
40355,Slide,5,Winograd,http://dbpedia.org/resource/Terry_Winograd,GPE
40355,Slide,5,Rumelhart,http://dbpedia.org/resource/David_Rumelhart,PERSON
40355,Slide,5,OWL,http://dbpedia.org/resource/Web_Ontology_Language,ORG
40355,Slide,5,SKOS,http://dbpedia.org/resource/Simple_Knowledge_Organization_System,ORG
40355,Slide,5,Knowledge Navigator,http://dbpedia.org/resource/Knowledge_Navigator,WORK_OF_ART
40355,Slide,5,Semantic Networks,http://dbpedia.org/resource/Semantic_network,ORG
40355,Slide,5,Description Logic,http://dbpedia.org/resource/Description_logic,PERSON
40355,Slide,5,Oracle Spatial,http://dbpedia.org/resource/Oracle_Spatial_and_Graph,ORG
40355,Slide,5,Wikidata,http://dbpedia.org/resource/Wikidata,ORG
40355,Slide,5,YAGO,http://dbpedia.org/resource/YAGO_(database),ORG
40355,Slide,5,IRI,http://dbpedia.org/resource/Internationalized_Resource_Identifier,ORG
40355,Slide,5,Java,http://dbpedia.org/resource/Java_virtual_machine,GPE
40355,Slide,5,PHP,http://dbpedia.org/resource/PHP,ORG
40355,Slide,5,The Glass Palace,http://dbpedia.org/resource/The_Glass_Palace,WORK_OF_ART
40355,Slide,5,Harper Collins,http://dbpedia.org/resource/HarperCollins,PERSON
40355,Slide,5,London,http://dbpedia.org/resource/London,GPE
40355,Slide,5,WordNet,http://dbpedia.org/resource/WordNet,ORG
40355,Slide,5,GeoNames,http://dbpedia.org/resource/GeoNames,ORG
40355,Slide,5,Julia,http://dbpedia.org/resource/Julia_the_Elder,GPE
40355,Slide,5,Liverpool,http://dbpedia.org/resource/Liverpool,GPE
40355,Slide,5,Alfred Lennon,http://dbpedia.org/resource/Alfred_Lennon,PERSON
40355,Slide,5,Stuart Russell,http://dbpedia.org/resource/Stuart_J._Russell,PERSON
40355,Slide,5,Peter Norvig,http://dbpedia.org/resource/Peter_Norvig,PERSON
40355,Slide,5,Prentice Hall,http://dbpedia.org/resource/Prentice_Hall,PERSON
40355,Slide,5,RDF Triple,http://dbpedia.org/resource/Semantic_triple,ORG
40355,Slide,5,Json,http://dbpedia.org/resource/JSON,PERSON
40355,Slide,5,Unicode,http://dbpedia.org/resource/Unicode,GPE
40355,Slide,5,Flickr,http://dbpedia.org/resource/Flickr,PERSON
40355,Slide,5,Congress,http://dbpedia.org/resource/United_States_Congress,ORG
40355,Slide,5,TBL,http://dbpedia.org/resource/Basketball_Super_League,ORG
40355,Slide,5,TED,http://dbpedia.org/resource/MOS_Technology_TED,ORG
40355,Slide,5,The Next Web,http://dbpedia.org/resource/The_Next_Web,WORK_OF_ART
40355,Slide,5,vvv,http://dbpedia.org/resource/VVV-Venlo,PRODUCT
40355,Slide,5,thesauri,http://dbpedia.org/resource/Thesaurus,ORG
40355,Slide,5,LOC,http://dbpedia.org/resource/Library_of_Congress,ORG
40355,Slide,5,ISO,http://dbpedia.org/resource/International_Organization_for_Standardization,ORG
40355,Slide,5,The Artist,http://dbpedia.org/resource/The_Artist_and_Journal_of_Home_Culture,WORK_OF_ART
40355,Slide,5,David Wood,http://dbpedia.org/resource/Straitjacket_Fits,PERSON
40355,Slide,6,Recommender Systems,http://dbpedia.org/resource/Recommender_system,PERSON
40355,Slide,6,Concordia University,http://dbpedia.org/resource/Main_Page,ORG
40355,Slide,6,Steve Jobs,http://dbpedia.org/resource/Steve_Jobs,PERSON
40355,Slide,6,English,http://dbpedia.org/resource/English_language,LANGUAGE
40355,Slide,6,French,http://dbpedia.org/resource/French_language,LANGUAGE
40355,Slide,6,UIMA,http://dbpedia.org/resource/UIMA,ORG
40355,Slide,6,GATE,http://dbpedia.org/resource/General_Architecture_for_Text_Engineering,ORG
40355,Slide,6,Refinitiv,http://dbpedia.org/resource/Refinitiv,ORG
40355,Slide,6,Machine Learning,http://dbpedia.org/resource/Machine_learning,PERSON
40355,Slide,6,IBM,http://dbpedia.org/resource/IBM,ORG
40355,Slide,6,LOD,http://dbpedia.org/resource/Genetic_linkage,ORG
40355,Slide,6,RDF,http://dbpedia.org/resource/Resource_Description_Framework,ORG
40355,Slide,6,Mona Lisa,http://dbpedia.org/resource/Mona_Lisa,WORK_OF_ART
40355,Slide,6,DBpedia,http://dbpedia.org/resource/DBpedia,ORG
40355,Slide,6,Layer Cake,http://dbpedia.org/resource/Layer_cake,WORK_OF_ART
40355,Slide,6,SPARQL,http://dbpedia.org/resource/SPARQL,ORG
40355,Slide,6,FOAF,http://dbpedia.org/resource/FOAF_(ontology),ORG
40355,Slide,6,Dublin Core,http://dbpedia.org/resource/Dublin_Core,PERSON
40355,Slide,6,Deep Learning,http://dbpedia.org/resource/Deep_learning,PERSON
40355,Slide,6,Apple Siri,http://dbpedia.org/resource/Siri,PERSON
40355,Slide,6,Amazon Alexa,http://dbpedia.org/resource/Amazon_Alexa,ORG
40355,Slide,6,Microsoft Tay,http://dbpedia.org/resource/Tay_(bot),PERSON
40355,Slide,6,Microsoft,http://dbpedia.org/resource/Microsoft,ORG
40355,Slide,6,Gartner,http://dbpedia.org/resource/Gartner,ORG
40355,Slide,6,Perceptron,http://dbpedia.org/resource/Perceptron,ORG
40355,Slide,6,Keras,http://dbpedia.org/resource/Keras,ORG
40355,Slide,6,Word Vectors,http://dbpedia.org/resource/Word_embedding,ORG
40355,Slide,6,Japan,http://dbpedia.org/resource/Japan,GPE
40355,Slide,6,Sushi,http://dbpedia.org/resource/Sushi,GPE
40355,Slide,6,Germany,http://dbpedia.org/resource/Germany,GPE
40355,Slide,6,XOR,http://dbpedia.org/resource/Exclusive_or,ORG
40355,Slide,6,MIT Press,http://dbpedia.org/resource/MIT_Press,ORG
40355,Slide,6,numpy,http://dbpedia.org/resource/NumPy,NORP
40355,Slide,6,Louis Pasteur,http://dbpedia.org/resource/Louis_Pasteur,PERSON
40355,Slide,6,Google,http://dbpedia.org/resource/Google,ORG
40355,Slide,6,Google News,http://dbpedia.org/resource/Google_News,ORG
40355,Slide,6,Harry Potter,http://dbpedia.org/resource/Harry_Potter,PERSON
40355,Slide,6,skip-gram,http://dbpedia.org/resource/N-gram,QUANTITY
40355,Slide,6,Monet,http://dbpedia.org/resource/Claude_Monet,ORG
40355,Slide,6,Berlin,http://dbpedia.org/resource/Berlin,GPE
40355,Slide,6,Pros & Cons,http://dbpedia.org/resource/Pros_&_Cons,ORG
40355,Slide,6,New York,http://dbpedia.org/resource/New_York_City,GPE
40355,Slide,6,PCA,http://dbpedia.org/resource/Principal_component_analysis,ORG
40355,Slide,6,Cole Howard,http://dbpedia.org/resource/Cole_Howard,PERSON
40355,Slide,6,CNN,http://dbpedia.org/resource/Convolutional_neural_network,ORG
40355,Slide,6,DL,http://dbpedia.org/resource/Injured_list,ORG
40355,Slide,6,kernel,http://dbpedia.org/resource/Kernel_method,PERSON
40355,Slide,6,Overfitting,http://dbpedia.org/resource/Overfitting,ORG
40355,Slide,6,IMDB,http://dbpedia.org/resource/IMDb,ORG
40355,Slide,6,Jeremy Brett,http://dbpedia.org/resource/Jeremy_Brett,PERSON
40355,Slide,6,David Foster,http://dbpedia.org/resource/David_Foster,PERSON
40355,Slide,6,Lennon,http://dbpedia.org/resource/John_Lennon,ORG
40355,Slide,6,GraphIQ,http://dbpedia.org/resource/Graphiq,ORG
40355,Slide,6,Wikipedia,http://dbpedia.org/resource/Wikipedia,ORG
40355,Slide,6,WWW,http://dbpedia.org/resource/World_Wide_Web,ORG
40355,Slide,6,YouTube,http://dbpedia.org/resource/YouTube,ORG
40355,Slide,6,Winograd,http://dbpedia.org/resource/Terry_Winograd,GPE
40355,Slide,6,Rumelhart,http://dbpedia.org/resource/David_Rumelhart,PERSON
40355,Slide,6,OWL,http://dbpedia.org/resource/Web_Ontology_Language,ORG
40355,Slide,6,SKOS,http://dbpedia.org/resource/Simple_Knowledge_Organization_System,ORG
40355,Slide,6,MAX,http://dbpedia.org/resource/MAX_Light_Rail,ORG
40355,Slide,6,Knowledge Navigator,http://dbpedia.org/resource/Knowledge_Navigator,WORK_OF_ART
40355,Slide,6,Semantic Networks,http://dbpedia.org/resource/Semantic_network,ORG
40355,Slide,6,Description Logic,http://dbpedia.org/resource/Description_logic,PERSON
40355,Slide,6,Oracle Spatial,http://dbpedia.org/resource/Oracle_Spatial_and_Graph,ORG
40355,Slide,6,Wikidata,http://dbpedia.org/resource/Wikidata,ORG
40355,Slide,6,YAGO,http://dbpedia.org/resource/YAGO_(database),ORG
40355,Slide,6,IRI,http://dbpedia.org/resource/Internationalized_Resource_Identifier,ORG
40355,Slide,6,Java,http://dbpedia.org/resource/Java_virtual_machine,GPE
40355,Slide,6,PHP,http://dbpedia.org/resource/PHP,ORG
40355,Slide,6,The Glass Palace,http://dbpedia.org/resource/The_Glass_Palace,WORK_OF_ART
40355,Slide,6,Harper Collins,http://dbpedia.org/resource/HarperCollins,PERSON
40355,Slide,6,London,http://dbpedia.org/resource/London,GPE
40355,Slide,6,WordNet,http://dbpedia.org/resource/WordNet,ORG
40355,Slide,6,GeoNames,http://dbpedia.org/resource/GeoNames,ORG
40355,Slide,6,Julia,http://dbpedia.org/resource/Julia_the_Elder,GPE
40355,Slide,6,Liverpool,http://dbpedia.org/resource/Liverpool,GPE
40355,Slide,6,Alfred Lennon,http://dbpedia.org/resource/Alfred_Lennon,PERSON
40355,Slide,6,Stuart Russell,http://dbpedia.org/resource/Stuart_J._Russell,PERSON
40355,Slide,6,Peter Norvig,http://dbpedia.org/resource/Peter_Norvig,PERSON
40355,Slide,6,Prentice Hall,http://dbpedia.org/resource/Prentice_Hall,PERSON
40355,Slide,6,RDF Triple,http://dbpedia.org/resource/Semantic_triple,ORG
40355,Slide,6,Json,http://dbpedia.org/resource/JSON,PERSON
40355,Slide,6,Unicode,http://dbpedia.org/resource/Unicode,GPE
40355,Slide,6,Flickr,http://dbpedia.org/resource/Flickr,PERSON
40355,Slide,6,Congress,http://dbpedia.org/resource/United_States_Congress,ORG
40355,Slide,6,TBL,http://dbpedia.org/resource/Basketball_Super_League,ORG
40355,Slide,6,TED,http://dbpedia.org/resource/MOS_Technology_TED,ORG
40355,Slide,6,The Next Web,http://dbpedia.org/resource/The_Next_Web,WORK_OF_ART
40355,Slide,6,vvv,http://dbpedia.org/resource/VVV-Venlo,PRODUCT
40355,Slide,6,thesauri,http://dbpedia.org/resource/Thesaurus,ORG
40355,Slide,6,LOC,http://dbpedia.org/resource/Library_of_Congress,ORG
40355,Slide,6,ISO,http://dbpedia.org/resource/International_Organization_for_Standardization,ORG
40355,Slide,6,The Artist,http://dbpedia.org/resource/The_Artist_and_Journal_of_Home_Culture,WORK_OF_ART
40355,Slide,6,David Wood,http://dbpedia.org/resource/Straitjacket_Fits,PERSON
40355,Slide,6,Wordpress.com,http://dbpedia.org/resource/WordPress.com,ORG
40355,Slide,6,QL,http://dbpedia.org/resource/Sinclair_QL,ORG
40355,Slide,6,Amsterdam,http://dbpedia.org/resource/Amsterdam,GPE
40355,Slide,6,UniProt,http://dbpedia.org/resource/UniProt,ORG
40355,Slide,6,AVG,http://dbpedia.org/resource/AVG_AntiVirus,ORG
40355,Slide,6,Mexico,http://dbpedia.org/resource/Mexico,GPE
40355,Slide,6,ec,http://dbpedia.org/resource/EC_(programming_language),ORG
40355,Slide,6,POST,http://dbpedia.org/resource/Power-on_self-test,ORG
40355,Slide,6,Dieter Fensel,http://dbpedia.org/resource/Dieter_Fensel,PERSON
40355,Slide,7,Recommender Systems,http://dbpedia.org/resource/Recommender_system,PERSON
40355,Slide,7,Concordia University,http://dbpedia.org/resource/Main_Page,ORG
40355,Slide,7,Steve Jobs,http://dbpedia.org/resource/Steve_Jobs,PERSON
40355,Slide,7,English,http://dbpedia.org/resource/English_language,LANGUAGE
40355,Slide,7,French,http://dbpedia.org/resource/French_language,LANGUAGE
40355,Slide,7,UIMA,http://dbpedia.org/resource/UIMA,ORG
40355,Slide,7,GATE,http://dbpedia.org/resource/General_Architecture_for_Text_Engineering,ORG
40355,Slide,7,Refinitiv,http://dbpedia.org/resource/Refinitiv,ORG
40355,Slide,7,Machine Learning,http://dbpedia.org/resource/Machine_learning,PERSON
40355,Slide,7,IBM,http://dbpedia.org/resource/IBM,ORG
40355,Slide,7,LOD,http://dbpedia.org/resource/Level_of_detail,ORG
40355,Slide,7,RDF,http://dbpedia.org/resource/Resource_Description_Framework,ORG
40355,Slide,7,Mona Lisa,http://dbpedia.org/resource/Mona_Lisa,WORK_OF_ART
40355,Slide,7,DBpedia,http://dbpedia.org/resource/DBpedia,ORG
40355,Slide,7,Layer Cake,http://dbpedia.org/resource/Layer_cake,WORK_OF_ART
40355,Slide,7,SPARQL,http://dbpedia.org/resource/SPARQL,ORG
40355,Slide,7,FOAF,http://dbpedia.org/resource/FOAF_(ontology),ORG
40355,Slide,7,Dublin Core,http://dbpedia.org/resource/Dublin_Core,PERSON
40355,Slide,7,Deep Learning,http://dbpedia.org/resource/Deep_learning,PERSON
40355,Slide,7,Apple Siri,http://dbpedia.org/resource/Siri,PERSON
40355,Slide,7,Amazon Alexa,http://dbpedia.org/resource/Amazon_Alexa,ORG
40355,Slide,7,Microsoft Tay,http://dbpedia.org/resource/Tay_(bot),PERSON
40355,Slide,7,Microsoft,http://dbpedia.org/resource/Microsoft,ORG
40355,Slide,7,Gartner,http://dbpedia.org/resource/Gartner,ORG
40355,Slide,7,Perceptron,http://dbpedia.org/resource/Perceptron,ORG
40355,Slide,7,Keras,http://dbpedia.org/resource/Keras,ORG
40355,Slide,7,Word Vectors,http://dbpedia.org/resource/Word_embedding,ORG
40355,Slide,7,Japan,http://dbpedia.org/resource/Japan,GPE
40355,Slide,7,Sushi,http://dbpedia.org/resource/Sushi,GPE
40355,Slide,7,Germany,http://dbpedia.org/resource/Germany,GPE
40355,Slide,7,XOR,http://dbpedia.org/resource/Exclusive_or,ORG
40355,Slide,7,MIT Press,http://dbpedia.org/resource/MIT_Press,ORG
40355,Slide,7,numpy,http://dbpedia.org/resource/NumPy,NORP
40355,Slide,7,Louis Pasteur,http://dbpedia.org/resource/Louis_Pasteur,PERSON
40355,Slide,7,Google,http://dbpedia.org/resource/Google,ORG
40355,Slide,7,Google News,http://dbpedia.org/resource/Google_News,ORG
40355,Slide,7,Facebook,http://dbpedia.org/resource/Facebook,PRODUCT
40355,Slide,7,Harry Potter,http://dbpedia.org/resource/Harry_Potter,PERSON
40355,Slide,7,skip-gram,http://dbpedia.org/resource/N-gram,QUANTITY
40355,Slide,7,Monet,http://dbpedia.org/resource/Claude_Monet,ORG
40355,Slide,7,Berlin,http://dbpedia.org/resource/Berlin,GPE
40355,Slide,7,Pros & Cons,http://dbpedia.org/resource/Pros_&_Cons,ORG
40355,Slide,7,New York,http://dbpedia.org/resource/New_York_City,GPE
40355,Slide,7,PCA,http://dbpedia.org/resource/Principal_component_analysis,ORG
40355,Slide,7,Cole Howard,http://dbpedia.org/resource/Cole_Howard,PERSON
40355,Slide,7,CNN,http://dbpedia.org/resource/Convolutional_neural_network,ORG
40355,Slide,7,DL,http://dbpedia.org/resource/Injured_list,ORG
40355,Slide,7,kernel,http://dbpedia.org/resource/Kernel_method,PERSON
40355,Slide,7,Overfitting,http://dbpedia.org/resource/Overfitting,ORG
40355,Slide,7,IMDB,http://dbpedia.org/resource/IMDb,ORG
40355,Slide,7,Jeremy Brett,http://dbpedia.org/resource/Jeremy_Brett,PERSON
40355,Slide,7,David Foster,http://dbpedia.org/resource/David_Foster,PERSON
40355,Slide,7,Lennon,http://dbpedia.org/resource/John_Lennon,ORG
40355,Slide,7,GraphIQ,http://dbpedia.org/resource/Graphiq,ORG
40355,Slide,7,Wikipedia,http://dbpedia.org/resource/Wikipedia,ORG
40355,Slide,7,WWW,http://dbpedia.org/resource/World_Wide_Web,ORG
40355,Slide,7,YouTube,http://dbpedia.org/resource/YouTube,ORG
40355,Slide,7,Winograd,http://dbpedia.org/resource/Terry_Winograd,GPE
40355,Slide,7,Rumelhart,http://dbpedia.org/resource/David_Rumelhart,PERSON
40355,Slide,7,OWL,http://dbpedia.org/resource/Web_Ontology_Language,ORG
40355,Slide,7,SKOS,http://dbpedia.org/resource/Simple_Knowledge_Organization_System,ORG
40355,Slide,7,MAX,http://dbpedia.org/resource/MAX_Light_Rail,ORG
40355,Slide,7,Knowledge Navigator,http://dbpedia.org/resource/Knowledge_Navigator,WORK_OF_ART
40355,Slide,7,Semantic Networks,http://dbpedia.org/resource/Semantic_network,ORG
40355,Slide,7,Description Logic,http://dbpedia.org/resource/Description_logic,PERSON
40355,Slide,7,Oracle Spatial,http://dbpedia.org/resource/Oracle_Spatial_and_Graph,ORG
40355,Slide,7,Wikidata,http://dbpedia.org/resource/Wikidata,ORG
40355,Slide,7,YAGO,http://dbpedia.org/resource/YAGO_(database),ORG
40355,Slide,7,IRI,http://dbpedia.org/resource/Internationalized_Resource_Identifier,ORG
40355,Slide,7,URI,http://dbpedia.org/resource/Uniform_Resource_Identifier,ORG
40355,Slide,7,Java,http://dbpedia.org/resource/Java_virtual_machine,GPE
40355,Slide,7,PHP,http://dbpedia.org/resource/PHP,ORG
40355,Slide,7,The Glass Palace,http://dbpedia.org/resource/The_Glass_Palace,WORK_OF_ART
40355,Slide,7,Harper Collins,http://dbpedia.org/resource/HarperCollins,PERSON
40355,Slide,7,London,http://dbpedia.org/resource/London,GPE
40355,Slide,7,WordNet,http://dbpedia.org/resource/WordNet,ORG
40355,Slide,7,GeoNames,http://dbpedia.org/resource/GeoNames,ORG
40355,Slide,7,Julia,http://dbpedia.org/resource/Julia_the_Elder,GPE
40355,Slide,7,Liverpool,http://dbpedia.org/resource/Liverpool,GPE
40355,Slide,7,Alfred Lennon,http://dbpedia.org/resource/Alfred_Lennon,PERSON
40355,Slide,7,Stuart Russell,http://dbpedia.org/resource/Stuart_J._Russell,PERSON
40355,Slide,7,Peter Norvig,http://dbpedia.org/resource/Peter_Norvig,PERSON
40355,Slide,7,Prentice Hall,http://dbpedia.org/resource/Prentice_Hall,PERSON
40355,Slide,7,RDF Triple,http://dbpedia.org/resource/Semantic_triple,ORG
40355,Slide,7,Json,http://dbpedia.org/resource/JSON,PERSON
40355,Slide,7,Unicode,http://dbpedia.org/resource/Unicode,GPE
40355,Slide,7,Flickr,http://dbpedia.org/resource/Flickr,PERSON
40355,Slide,7,Congress,http://dbpedia.org/resource/United_States_Congress,ORG
40355,Slide,7,TBL,http://dbpedia.org/resource/Basketball_Super_League,ORG
40355,Slide,7,TED,http://dbpedia.org/resource/MOS_Technology_TED,ORG
40355,Slide,7,The Next Web,http://dbpedia.org/resource/The_Next_Web,WORK_OF_ART
40355,Slide,7,vvv,http://dbpedia.org/resource/VVV-Venlo,PRODUCT
40355,Slide,7,thesauri,http://dbpedia.org/resource/Thesaurus,ORG
40355,Slide,7,LOC,http://dbpedia.org/resource/Library_of_Congress,ORG
40355,Slide,7,ISO,http://dbpedia.org/resource/International_Organization_for_Standardization,ORG
40355,Slide,7,The Artist,http://dbpedia.org/resource/The_Artist_and_Journal_of_Home_Culture,WORK_OF_ART
40355,Slide,7,David Wood,http://dbpedia.org/resource/Straitjacket_Fits,PERSON
40355,Slide,7,Wordpress.com,http://dbpedia.org/resource/WordPress.com,ORG
40355,Slide,7,QL,http://dbpedia.org/resource/Sinclair_QL,ORG
40355,Slide,7,Amsterdam,http://dbpedia.org/resource/Amsterdam,GPE
40355,Slide,7,UniProt,http://dbpedia.org/resource/UniProt,ORG
40355,Slide,7,AVG,http://dbpedia.org/resource/AVG_AntiVirus,ORG
40355,Slide,7,Mexico,http://dbpedia.org/resource/Mexico,GPE
40355,Slide,7,ec,http://dbpedia.org/resource/EC_(programming_language),ORG
40355,Slide,7,POST,http://dbpedia.org/resource/Power-on_self-test,ORG
40355,Slide,7,Dieter Fensel,http://dbpedia.org/resource/Dieter_Fensel,PERSON
40355,Slide,7,Freebase,http://dbpedia.org/resource/Freebase,ORG
40355,Slide,7,5.15,http://dbpedia.org/resource/5:15,CARDINAL
40355,Slide,7,Tim Berners-Lee,http://dbpedia.org/resource/Tim_Berners-Lee,PERSON
40355,Slide,7,Canada,http://dbpedia.org/resource/Canada,GPE
40355,Slide,7,BabelNet,http://dbpedia.org/resource/BabelNet,ORG
40355,Slide,7,MusicBrainz,http://dbpedia.org/resource/MusicBrainz,ORG
40355,Slide,7,RDB,http://dbpedia.org/resource/Oracle_Rdb,ORG
40355,Slide,7,OPE,http://dbpedia.org/resource/Ope,ORG
40355,Slide,7,PE,http://dbpedia.org/resource/Pareto_efficiency,ORG
40355,Slide,7,Cham,http://dbpedia.org/resource/Cham_Albanians,PERSON
40355,Slide,7,Springer International Publishing,http://dbpedia.org/resource/Springer_Nature,ORG
40355,Slide,8,Recommender Systems,http://dbpedia.org/resource/Recommender_system,PERSON
40355,Slide,8,Concordia University,http://dbpedia.org/resource/Main_Page,ORG
40355,Slide,8,Steve Jobs,http://dbpedia.org/resource/Steve_Jobs,PERSON
40355,Slide,8,English,http://dbpedia.org/resource/English_language,LANGUAGE
40355,Slide,8,French,http://dbpedia.org/resource/French_language,LANGUAGE
40355,Slide,8,UIMA,http://dbpedia.org/resource/UIMA,ORG
40355,Slide,8,GATE,http://dbpedia.org/resource/General_Architecture_for_Text_Engineering,ORG
40355,Slide,8,Amazon,http://dbpedia.org/resource/Amazon_rainforest,ORG
40355,Slide,8,Refinitiv,http://dbpedia.org/resource/Refinitiv,ORG
40355,Slide,8,Machine Learning,http://dbpedia.org/resource/Machine_learning,PERSON
40355,Slide,8,IBM,http://dbpedia.org/resource/IBM,ORG
40355,Slide,8,LOD,http://dbpedia.org/resource/Level_of_detail,ORG
40355,Slide,8,RDF,http://dbpedia.org/resource/Resource_Description_Framework,ORG
40355,Slide,8,Mona Lisa,http://dbpedia.org/resource/Mona_Lisa,WORK_OF_ART
40355,Slide,8,DBpedia,http://dbpedia.org/resource/DBpedia,ORG
40355,Slide,8,Layer Cake,http://dbpedia.org/resource/Layer_cake,WORK_OF_ART
40355,Slide,8,metadata,http://dbpedia.org/resource/Metadata,PERSON
40355,Slide,8,SPARQL,http://dbpedia.org/resource/SPARQL,ORG
40355,Slide,8,FOAF,http://dbpedia.org/resource/FOAF_(ontology),ORG
40355,Slide,8,Dublin Core,http://dbpedia.org/resource/Dublin_Core,PERSON
40355,Slide,8,Deep Learning,http://dbpedia.org/resource/Deep_learning,PERSON
40355,Slide,8,Apple Siri,http://dbpedia.org/resource/Siri,PERSON
40355,Slide,8,Amazon Alexa,http://dbpedia.org/resource/Amazon_Alexa,ORG
40355,Slide,8,Microsoft Tay,http://dbpedia.org/resource/Tay_(bot),PERSON
40355,Slide,8,Microsoft,http://dbpedia.org/resource/Microsoft,ORG
40355,Slide,8,Gartner,http://dbpedia.org/resource/Gartner,ORG
40355,Slide,8,Perceptron,http://dbpedia.org/resource/Perceptron,ORG
40355,Slide,8,Keras,http://dbpedia.org/resource/Keras,ORG
40355,Slide,8,Word Vectors,http://dbpedia.org/resource/Word_embedding,ORG
40355,Slide,8,Japan,http://dbpedia.org/resource/Japan,GPE
40355,Slide,8,Sushi,http://dbpedia.org/resource/Sushi,GPE
40355,Slide,8,Germany,http://dbpedia.org/resource/Germany,GPE
40355,Slide,8,XOR,http://dbpedia.org/resource/Exclusive_or,ORG
40355,Slide,8,MIT Press,http://dbpedia.org/resource/MIT_Press,ORG
40355,Slide,8,numpy,http://dbpedia.org/resource/NumPy,NORP
40355,Slide,8,Louis Pasteur,http://dbpedia.org/resource/Louis_Pasteur,PERSON
40355,Slide,8,Google,http://dbpedia.org/resource/Google,ORG
40355,Slide,8,Google News,http://dbpedia.org/resource/Google_News,ORG
40355,Slide,8,Facebook,http://dbpedia.org/resource/Facebook,PRODUCT
40355,Slide,8,Harry Potter,http://dbpedia.org/resource/Harry_Potter,PERSON
40355,Slide,8,skip-gram,http://dbpedia.org/resource/N-gram,QUANTITY
40355,Slide,8,Monet,http://dbpedia.org/resource/Claude_Monet,ORG
40355,Slide,8,Berlin,http://dbpedia.org/resource/Berlin,GPE
40355,Slide,8,Pros & Cons,http://dbpedia.org/resource/Pros_&_Cons,ORG
40355,Slide,8,New York,http://dbpedia.org/resource/New_York_City,GPE
40355,Slide,8,PCA,http://dbpedia.org/resource/Principal_component_analysis,ORG
40355,Slide,8,Cole Howard,http://dbpedia.org/resource/Cole_Howard,PERSON
40355,Slide,8,CNN,http://dbpedia.org/resource/Convolutional_neural_network,ORG
40355,Slide,8,DL,http://dbpedia.org/resource/Injured_list,ORG
40355,Slide,8,kernel,http://dbpedia.org/resource/Kernel_method,PERSON
40355,Slide,8,Overfitting,http://dbpedia.org/resource/Overfitting,ORG
40355,Slide,8,IMDB,http://dbpedia.org/resource/IMDb,ORG
40355,Slide,8,Jeremy Brett,http://dbpedia.org/resource/Jeremy_Brett,PERSON
40355,Slide,8,David Foster,http://dbpedia.org/resource/David_Foster,PERSON
40355,Slide,8,Lennon,http://dbpedia.org/resource/John_Lennon,ORG
40355,Slide,8,GraphIQ,http://dbpedia.org/resource/Graphiq,ORG
40355,Slide,8,Wikipedia,http://dbpedia.org/resource/Wikipedia,ORG
40355,Slide,8,WWW,http://dbpedia.org/resource/World_Wide_Web,ORG
40355,Slide,8,YouTube,http://dbpedia.org/resource/YouTube,ORG
40355,Slide,8,Winograd,http://dbpedia.org/resource/Terry_Winograd,GPE
40355,Slide,8,Rumelhart,http://dbpedia.org/resource/David_Rumelhart,PERSON
40355,Slide,8,OWL,http://dbpedia.org/resource/Web_Ontology_Language,ORG
40355,Slide,8,SKOS,http://dbpedia.org/resource/Simple_Knowledge_Organization_System,ORG
40355,Slide,8,MAX,http://dbpedia.org/resource/MAX_Light_Rail,ORG
40355,Slide,8,Knowledge Navigator,http://dbpedia.org/resource/Knowledge_Navigator,WORK_OF_ART
40355,Slide,8,Semantic Networks,http://dbpedia.org/resource/Semantic_network,ORG
40355,Slide,8,Description Logic,http://dbpedia.org/resource/Description_logic,PERSON
40355,Slide,8,Oracle Spatial,http://dbpedia.org/resource/Oracle_Spatial_and_Graph,ORG
40355,Slide,8,Wikidata,http://dbpedia.org/resource/Wikidata,ORG
40355,Slide,8,YAGO,http://dbpedia.org/resource/YAGO_(database),ORG
40355,Slide,8,IRI,http://dbpedia.org/resource/Internationalized_Resource_Identifier,ORG
40355,Slide,8,URI,http://dbpedia.org/resource/Uniform_Resource_Identifier,ORG
40355,Slide,8,Java,http://dbpedia.org/resource/Java_virtual_machine,GPE
40355,Slide,8,PHP,http://dbpedia.org/resource/PHP,ORG
40355,Slide,8,The Glass Palace,http://dbpedia.org/resource/The_Glass_Palace,WORK_OF_ART
40355,Slide,8,Harper Collins,http://dbpedia.org/resource/HarperCollins,PERSON
40355,Slide,8,London,http://dbpedia.org/resource/London,GPE
40355,Slide,8,WordNet,http://dbpedia.org/resource/WordNet,ORG
40355,Slide,8,GeoNames,http://dbpedia.org/resource/GeoNames,ORG
40355,Slide,8,Julia,http://dbpedia.org/resource/Julia_the_Elder,GPE
40355,Slide,8,Liverpool,http://dbpedia.org/resource/Liverpool,GPE
40355,Slide,8,Alfred Lennon,http://dbpedia.org/resource/Alfred_Lennon,PERSON
40355,Slide,8,Stuart Russell,http://dbpedia.org/resource/Stuart_J._Russell,PERSON
40355,Slide,8,Peter Norvig,http://dbpedia.org/resource/Peter_Norvig,PERSON
40355,Slide,8,Prentice Hall,http://dbpedia.org/resource/Prentice_Hall,PERSON
40355,Slide,8,RDF Triple,http://dbpedia.org/resource/Semantic_triple,ORG
40355,Slide,8,Json,http://dbpedia.org/resource/JSON,PERSON
40355,Slide,8,Unicode,http://dbpedia.org/resource/Unicode,GPE
40355,Slide,8,Flickr,http://dbpedia.org/resource/Flickr,PERSON
40355,Slide,8,Congress,http://dbpedia.org/resource/United_States_Congress,ORG
40355,Slide,8,TBL,http://dbpedia.org/resource/Basketball_Super_League,ORG
40355,Slide,8,TED,http://dbpedia.org/resource/MOS_Technology_TED,ORG
40355,Slide,8,The Next Web,http://dbpedia.org/resource/The_Next_Web,WORK_OF_ART
40355,Slide,8,vvv,http://dbpedia.org/resource/VVV-Venlo,PRODUCT
40355,Slide,8,thesauri,http://dbpedia.org/resource/Thesaurus,ORG
40355,Slide,8,LOC,http://dbpedia.org/resource/Library_of_Congress,ORG
40355,Slide,8,ISO,http://dbpedia.org/resource/International_Organization_for_Standardization,ORG
40355,Slide,8,The Artist,http://dbpedia.org/resource/The_Artist_and_Journal_of_Home_Culture,WORK_OF_ART
40355,Slide,8,David Wood,http://dbpedia.org/resource/Straitjacket_Fits,PERSON
40355,Slide,8,Wordpress.com,http://dbpedia.org/resource/WordPress.com,ORG
40355,Slide,8,QL,http://dbpedia.org/resource/Sinclair_QL,ORG
40355,Slide,8,Amsterdam,http://dbpedia.org/resource/Amsterdam,GPE
40355,Slide,8,UniProt,http://dbpedia.org/resource/UniProt,ORG
40355,Slide,8,AVG,http://dbpedia.org/resource/AVG_AntiVirus,ORG
40355,Slide,8,Mexico,http://dbpedia.org/resource/Mexico,GPE
40355,Slide,8,ec,http://dbpedia.org/resource/EC_(programming_language),ORG
40355,Slide,8,POST,http://dbpedia.org/resource/Power-on_self-test,ORG
40355,Slide,8,Dieter Fensel,http://dbpedia.org/resource/Dieter_Fensel,PERSON
40355,Slide,8,Freebase,http://dbpedia.org/resource/Freebase,ORG
40355,Slide,8,5.15,http://dbpedia.org/resource/5:15,CARDINAL
40355,Slide,8,Tim Berners-Lee,http://dbpedia.org/resource/Tim_Berners-Lee,PERSON
40355,Slide,8,Canada,http://dbpedia.org/resource/Canada,GPE
40355,Slide,8,BabelNet,http://dbpedia.org/resource/BabelNet,ORG
40355,Slide,8,MusicBrainz,http://dbpedia.org/resource/MusicBrainz,ORG
40355,Slide,8,RDB,http://dbpedia.org/resource/Oracle_Rdb,ORG
40355,Slide,8,OPE,http://dbpedia.org/resource/Ope,ORG
40355,Slide,8,PE,http://dbpedia.org/resource/Pareto_efficiency,ORG
40355,Slide,8,Cham,http://dbpedia.org/resource/Cham_Albanians,PERSON
40355,Slide,8,Springer International Publishing,http://dbpedia.org/resource/Springer_Nature,ORG
40355,Slide,8,Prabhakar Raghavan,http://dbpedia.org/resource/Prabhakar_Raghavan,PERSON
40355,Slide,8,Cambridge University Press,http://dbpedia.org/resource/Cambridge_University_Press,ORG
40355,Slide,8,Netflix,http://dbpedia.org/resource/Netflix,GPE
40355,Slide,8,AP,http://dbpedia.org/resource/Wireless_access_point,ORG
40355,Slide,8,Anthony Julius,http://dbpedia.org/resource/Anthony_Julius,PERSON
40355,Slide,8,Mary,http://dbpedia.org/resource/Mary_Shelley,PERSON
40355,Slide,8,LINE,http://dbpedia.org/resource/Retrotransposon,ORG
40355,Slide,8,John Berryman,http://dbpedia.org/resource/John_Berryman,PERSON
40355,Slide,9,Recommender Systems,http://dbpedia.org/resource/Recommender_system,PERSON
40355,Slide,9,Intelligent Systems,http://dbpedia.org/resource/Artificial_intelligence,ORG
40355,Slide,9,Concordia University,http://dbpedia.org/resource/Main_Page,ORG
40355,Slide,9,Steve Jobs,http://dbpedia.org/resource/Steve_Jobs,PERSON
40355,Slide,9,English,http://dbpedia.org/resource/English_language,LANGUAGE
40355,Slide,9,French,http://dbpedia.org/resource/French_language,LANGUAGE
40355,Slide,9,UIMA,http://dbpedia.org/resource/UIMA,ORG
40355,Slide,9,GATE,http://dbpedia.org/resource/General_Architecture_for_Text_Engineering,ORG
40355,Slide,9,Amazon,http://dbpedia.org/resource/Amazon_rainforest,ORG
40355,Slide,9,Refinitiv,http://dbpedia.org/resource/Refinitiv,ORG
40355,Slide,9,Machine Learning,http://dbpedia.org/resource/Machine_learning,PERSON
40355,Slide,9,IBM,http://dbpedia.org/resource/IBM,ORG
40355,Slide,9,LOD,http://dbpedia.org/resource/Level_of_detail,ORG
40355,Slide,9,RDF,http://dbpedia.org/resource/Resource_Description_Framework,ORG
40355,Slide,9,Mona Lisa,http://dbpedia.org/resource/Mona_Lisa,WORK_OF_ART
40355,Slide,9,DBpedia,http://dbpedia.org/resource/DBpedia,ORG
40355,Slide,9,Layer Cake,http://dbpedia.org/resource/Layer_cake,WORK_OF_ART
40355,Slide,9,metadata,http://dbpedia.org/resource/Metadata,PERSON
40355,Slide,9,SPARQL,http://dbpedia.org/resource/SPARQL,ORG
40355,Slide,9,FOAF,http://dbpedia.org/resource/FOAF_(ontology),ORG
40355,Slide,9,Dublin Core,http://dbpedia.org/resource/Dublin_Core,PERSON
40355,Slide,9,Deep Learning,http://dbpedia.org/resource/Deep_learning,PERSON
40355,Slide,9,Apple Siri,http://dbpedia.org/resource/Siri,PERSON
40355,Slide,9,Amazon Alexa,http://dbpedia.org/resource/Amazon_Alexa,ORG
40355,Slide,9,Microsoft Tay,http://dbpedia.org/resource/Tay_(bot),PERSON
40355,Slide,9,Microsoft,http://dbpedia.org/resource/Microsoft,ORG
40355,Slide,9,Gartner,http://dbpedia.org/resource/Gartner,ORG
40355,Slide,9,Perceptron,http://dbpedia.org/resource/Perceptron,ORG
40355,Slide,9,Keras,http://dbpedia.org/resource/Keras,ORG
40355,Slide,9,Word Vectors,http://dbpedia.org/resource/Word_embedding,ORG
40355,Slide,9,Japan,http://dbpedia.org/resource/Japan,GPE
40355,Slide,9,Sushi,http://dbpedia.org/resource/Sushi,GPE
40355,Slide,9,Germany,http://dbpedia.org/resource/Germany,GPE
40355,Slide,9,XOR,http://dbpedia.org/resource/Exclusive_or,ORG
40355,Slide,9,MIT Press,http://dbpedia.org/resource/MIT_Press,ORG
40355,Slide,9,numpy,http://dbpedia.org/resource/NumPy,NORP
40355,Slide,9,Louis Pasteur,http://dbpedia.org/resource/Louis_Pasteur,PERSON
40355,Slide,9,Google,http://dbpedia.org/resource/Google,ORG
40355,Slide,9,Google News,http://dbpedia.org/resource/Google_News,ORG
40355,Slide,9,Facebook,http://dbpedia.org/resource/Facebook,PRODUCT
40355,Slide,9,Harry Potter,http://dbpedia.org/resource/Harry_Potter,PERSON
40355,Slide,9,skip-gram,http://dbpedia.org/resource/N-gram,QUANTITY
40355,Slide,9,Monet,http://dbpedia.org/resource/Claude_Monet,ORG
40355,Slide,9,Berlin,http://dbpedia.org/resource/Berlin,GPE
40355,Slide,9,Pros & Cons,http://dbpedia.org/resource/Pros_&_Cons,ORG
40355,Slide,9,New York,http://dbpedia.org/resource/New_York_City,GPE
40355,Slide,9,PCA,http://dbpedia.org/resource/Principal_component_analysis,ORG
40355,Slide,9,Cole Howard,http://dbpedia.org/resource/Cole_Howard,PERSON
40355,Slide,9,CNN,http://dbpedia.org/resource/Convolutional_neural_network,ORG
40355,Slide,9,DL,http://dbpedia.org/resource/X86,ORG
40355,Slide,9,kernel,http://dbpedia.org/resource/Kernel_method,PERSON
40355,Slide,9,Overfitting,http://dbpedia.org/resource/Overfitting,ORG
40355,Slide,9,IMDB,http://dbpedia.org/resource/IMDb,ORG
40355,Slide,9,Jeremy Brett,http://dbpedia.org/resource/Jeremy_Brett,PERSON
40355,Slide,9,David Foster,http://dbpedia.org/resource/David_Foster,PERSON
40355,Slide,9,Lennon,http://dbpedia.org/resource/John_Lennon,ORG
40355,Slide,9,GraphIQ,http://dbpedia.org/resource/Graphiq,ORG
40355,Slide,9,Wikipedia,http://dbpedia.org/resource/Wikipedia,ORG
40355,Slide,9,WWW,http://dbpedia.org/resource/World_Wide_Web,ORG
40355,Slide,9,YouTube,http://dbpedia.org/resource/YouTube,ORG
40355,Slide,9,Winograd,http://dbpedia.org/resource/Terry_Winograd,GPE
40355,Slide,9,Rumelhart,http://dbpedia.org/resource/David_Rumelhart,PERSON
40355,Slide,9,OWL,http://dbpedia.org/resource/Web_Ontology_Language,ORG
40355,Slide,9,SKOS,http://dbpedia.org/resource/Simple_Knowledge_Organization_System,ORG
40355,Slide,9,MAX,http://dbpedia.org/resource/MAX_Light_Rail,ORG
40355,Slide,9,Knowledge Navigator,http://dbpedia.org/resource/Knowledge_Navigator,WORK_OF_ART
40355,Slide,9,Semantic Networks,http://dbpedia.org/resource/Semantic_network,ORG
40355,Slide,9,Description Logic,http://dbpedia.org/resource/Description_logic,PERSON
40355,Slide,9,Oracle Spatial,http://dbpedia.org/resource/Oracle_Spatial_and_Graph,ORG
40355,Slide,9,Wikidata,http://dbpedia.org/resource/Wikidata,ORG
40355,Slide,9,YAGO,http://dbpedia.org/resource/YAGO_(database),ORG
40355,Slide,9,IRI,http://dbpedia.org/resource/Internationalized_Resource_Identifier,ORG
40355,Slide,9,URI,http://dbpedia.org/resource/Uniform_Resource_Identifier,ORG
40355,Slide,9,Java,http://dbpedia.org/resource/Java_virtual_machine,GPE
40355,Slide,9,PHP,http://dbpedia.org/resource/PHP,ORG
40355,Slide,9,The Glass Palace,http://dbpedia.org/resource/The_Glass_Palace,WORK_OF_ART
40355,Slide,9,Harper Collins,http://dbpedia.org/resource/HarperCollins,PERSON
40355,Slide,9,London,http://dbpedia.org/resource/London,GPE
40355,Slide,9,WordNet,http://dbpedia.org/resource/WordNet,ORG
40355,Slide,9,GeoNames,http://dbpedia.org/resource/GeoNames,ORG
40355,Slide,9,Julia,http://dbpedia.org/resource/Julia_the_Elder,GPE
40355,Slide,9,Liverpool,http://dbpedia.org/resource/Liverpool,GPE
40355,Slide,9,Alfred Lennon,http://dbpedia.org/resource/Alfred_Lennon,PERSON
40355,Slide,9,Stuart Russell,http://dbpedia.org/resource/Stuart_J._Russell,PERSON
40355,Slide,9,Peter Norvig,http://dbpedia.org/resource/Peter_Norvig,PERSON
40355,Slide,9,Prentice Hall,http://dbpedia.org/resource/Prentice_Hall,PERSON
40355,Slide,9,RDF Triple,http://dbpedia.org/resource/Semantic_triple,ORG
40355,Slide,9,Json,http://dbpedia.org/resource/JSON,PERSON
40355,Slide,9,Unicode,http://dbpedia.org/resource/Unicode,GPE
40355,Slide,9,Flickr,http://dbpedia.org/resource/Flickr,PERSON
40355,Slide,9,Congress,http://dbpedia.org/resource/United_States_Congress,ORG
40355,Slide,9,TBL,http://dbpedia.org/resource/Basketball_Super_League,ORG
40355,Slide,9,TED,http://dbpedia.org/resource/MOS_Technology_TED,ORG
40355,Slide,9,The Next Web,http://dbpedia.org/resource/The_Next_Web,WORK_OF_ART
40355,Slide,9,vvv,http://dbpedia.org/resource/VVV-Venlo,PRODUCT
40355,Slide,9,thesauri,http://dbpedia.org/resource/Thesaurus,ORG
40355,Slide,9,LOC,http://dbpedia.org/resource/Library_of_Congress,ORG
40355,Slide,9,ISO,http://dbpedia.org/resource/International_Organization_for_Standardization,ORG
40355,Slide,9,The Artist,http://dbpedia.org/resource/The_Artist_and_Journal_of_Home_Culture,WORK_OF_ART
40355,Slide,9,David Wood,http://dbpedia.org/resource/Straitjacket_Fits,PERSON
40355,Slide,9,Wordpress.com,http://dbpedia.org/resource/WordPress.com,ORG
40355,Slide,9,QL,http://dbpedia.org/resource/Sinclair_QL,ORG
40355,Slide,9,Amsterdam,http://dbpedia.org/resource/Amsterdam,GPE
40355,Slide,9,UniProt,http://dbpedia.org/resource/UniProt,ORG
40355,Slide,9,AVG,http://dbpedia.org/resource/AVG_AntiVirus,ORG
40355,Slide,9,Mexico,http://dbpedia.org/resource/Mexico,GPE
40355,Slide,9,ec,http://dbpedia.org/resource/EC_(programming_language),ORG
40355,Slide,9,POST,http://dbpedia.org/resource/Power-on_self-test,ORG
40355,Slide,9,Dieter Fensel,http://dbpedia.org/resource/Dieter_Fensel,PERSON
40355,Slide,9,Freebase,http://dbpedia.org/resource/Freebase,ORG
40355,Slide,9,5.15,http://dbpedia.org/resource/5:15,CARDINAL
40355,Slide,9,Tim Berners-Lee,http://dbpedia.org/resource/Tim_Berners-Lee,PERSON
40355,Slide,9,Canada,http://dbpedia.org/resource/Canada,GPE
40355,Slide,9,BabelNet,http://dbpedia.org/resource/BabelNet,ORG
40355,Slide,9,MusicBrainz,http://dbpedia.org/resource/MusicBrainz,ORG
40355,Slide,9,RDB,http://dbpedia.org/resource/Oracle_Rdb,ORG
40355,Slide,9,OPE,http://dbpedia.org/resource/Ope,ORG
40355,Slide,9,PE,http://dbpedia.org/resource/Pareto_efficiency,ORG
40355,Slide,9,Cham,http://dbpedia.org/resource/Cham_Albanians,PERSON
40355,Slide,9,Springer International Publishing,http://dbpedia.org/resource/Springer_Nature,ORG
40355,Slide,9,Prabhakar Raghavan,http://dbpedia.org/resource/Prabhakar_Raghavan,PERSON
40355,Slide,9,Cambridge University Press,http://dbpedia.org/resource/Cambridge_University_Press,ORG
40355,Slide,9,Netflix,http://dbpedia.org/resource/Netflix,GPE
40355,Slide,9,AP,http://dbpedia.org/resource/Wireless_access_point,ORG
40355,Slide,9,Anthony Julius,http://dbpedia.org/resource/Anthony_Julius,PERSON
40355,Slide,9,Mary,http://dbpedia.org/resource/Mary_Shelley,PERSON
40355,Slide,9,LINE,http://dbpedia.org/resource/Retrotransposon,ORG
40355,Slide,9,John Berryman,http://dbpedia.org/resource/John_Berryman,PERSON
40355,Slide,9,kNN,http://dbpedia.org/resource/K-nearest_neighbors_algorithm,GPE
40355,Slide,9,Enron,http://dbpedia.org/resource/Enron,ORG
40355,Slide,9,Cambridge Analytica,http://dbpedia.org/resource/Cambridge_Analytica,GPE
40355,Slide,9,7.30,http://dbpedia.org/resource/7.30,CARDINAL
40355,Slide,9,British,http://dbpedia.org/resource/United_Kingdom,NORP
40355,Slide,9,BSD License,http://dbpedia.org/resource/BSD_licenses,ORG
40355,Slide,9,Chabacano,http://dbpedia.org/resource/Chavacano,PERSON
40355,Slide,9,James Pustejovsky,http://dbpedia.org/resource/James_Pustejovsky,PERSON
40355,Slide,10,Recommender Systems,http://dbpedia.org/resource/Recommender_system,PERSON
40355,Slide,10,Intelligent Systems,http://dbpedia.org/resource/Artificial_intelligence,ORG
40355,Slide,10,Concordia University,http://dbpedia.org/resource/Main_Page,ORG
40355,Slide,10,Steve Jobs,http://dbpedia.org/resource/Steve_Jobs,PERSON
40355,Slide,10,English,http://dbpedia.org/resource/English_language,LANGUAGE
40355,Slide,10,French,http://dbpedia.org/resource/French_language,LANGUAGE
40355,Slide,10,UIMA,http://dbpedia.org/resource/UIMA,ORG
40355,Slide,10,GATE,http://dbpedia.org/resource/General_Architecture_for_Text_Engineering,ORG
40355,Slide,10,Amazon,http://dbpedia.org/resource/Prime_Video,ORG
40355,Slide,10,Refinitiv,http://dbpedia.org/resource/Refinitiv,ORG
40355,Slide,10,Machine Learning,http://dbpedia.org/resource/Machine_learning,PERSON
40355,Slide,10,IBM,http://dbpedia.org/resource/IBM,ORG
40355,Slide,10,LOD,http://dbpedia.org/resource/Level_of_detail,ORG
40355,Slide,10,RDF,http://dbpedia.org/resource/Resource_Description_Framework,ORG
40355,Slide,10,Mona Lisa,http://dbpedia.org/resource/Mona_Lisa,WORK_OF_ART
40355,Slide,10,DBpedia,http://dbpedia.org/resource/DBpedia,GPE
40355,Slide,10,Layer Cake,http://dbpedia.org/resource/Layer_cake,WORK_OF_ART
40355,Slide,10,metadata,http://dbpedia.org/resource/Metadata,PERSON
40355,Slide,10,SPARQL,http://dbpedia.org/resource/SPARQL,ORG
40355,Slide,10,FOAF,http://dbpedia.org/resource/FOAF_(ontology),ORG
40355,Slide,10,Dublin Core,http://dbpedia.org/resource/Dublin_Core,PERSON
40355,Slide,10,Deep Learning,http://dbpedia.org/resource/Deep_learning,PERSON
40355,Slide,10,Apple Siri,http://dbpedia.org/resource/Siri,PERSON
40355,Slide,10,Amazon Alexa,http://dbpedia.org/resource/Amazon_Alexa,ORG
40355,Slide,10,Microsoft Tay,http://dbpedia.org/resource/Tay_(bot),PERSON
40355,Slide,10,Microsoft,http://dbpedia.org/resource/Microsoft,ORG
40355,Slide,10,Gartner,http://dbpedia.org/resource/Gartner,ORG
40355,Slide,10,Perceptron,http://dbpedia.org/resource/Perceptron,ORG
40355,Slide,10,Keras,http://dbpedia.org/resource/Keras,ORG
40355,Slide,10,Word Vectors,http://dbpedia.org/resource/Word_embedding,ORG
40355,Slide,10,Japan,http://dbpedia.org/resource/Japan,GPE
40355,Slide,10,Sushi,http://dbpedia.org/resource/Sushi,GPE
40355,Slide,10,Germany,http://dbpedia.org/resource/Germany,GPE
40355,Slide,10,XOR,http://dbpedia.org/resource/Exclusive_or,ORG
40355,Slide,10,MIT Press,http://dbpedia.org/resource/MIT_Press,ORG
40355,Slide,10,numpy,http://dbpedia.org/resource/NumPy,NORP
40355,Slide,10,Louis Pasteur,http://dbpedia.org/resource/Louis_Pasteur,PERSON
40355,Slide,10,Google,http://dbpedia.org/resource/Google,ORG
40355,Slide,10,Google News,http://dbpedia.org/resource/Google_News,ORG
40355,Slide,10,Facebook,http://dbpedia.org/resource/Facebook,PRODUCT
40355,Slide,10,Harry Potter,http://dbpedia.org/resource/Harry_Potter,PERSON
40355,Slide,10,skip-gram,http://dbpedia.org/resource/N-gram,QUANTITY
40355,Slide,10,Monet,http://dbpedia.org/resource/Claude_Monet,ORG
40355,Slide,10,Berlin,http://dbpedia.org/resource/Berlin,GPE
40355,Slide,10,Pros & Cons,http://dbpedia.org/resource/Pros_&_Cons,ORG
40355,Slide,10,New York,http://dbpedia.org/resource/New_York_City,GPE
40355,Slide,10,PCA,http://dbpedia.org/resource/Principal_component_analysis,ORG
40355,Slide,10,Cole Howard,http://dbpedia.org/resource/Cole_Howard,PERSON
40355,Slide,10,Max,http://dbpedia.org/resource/Max_Fleischer,PERSON
40355,Slide,10,CNN,http://dbpedia.org/resource/Convolutional_neural_network,ORG
40355,Slide,10,DL,http://dbpedia.org/resource/X86,ORG
40355,Slide,10,kernel,http://dbpedia.org/resource/Linux_kernel,PERSON
40355,Slide,10,Overfitting,http://dbpedia.org/resource/Overfitting,ORG
40355,Slide,10,IMDB,http://dbpedia.org/resource/IMDb,ORG
40355,Slide,10,Jeremy Brett,http://dbpedia.org/resource/Jeremy_Brett,PERSON
40355,Slide,10,David Foster,http://dbpedia.org/resource/David_Foster,PERSON
40355,Slide,10,Lennon,http://dbpedia.org/resource/John_Lennon,ORG
40355,Slide,10,GraphIQ,http://dbpedia.org/resource/Graphiq,ORG
40355,Slide,10,Wikipedia,http://dbpedia.org/resource/Wikipedia,ORG
40355,Slide,10,WWW,http://dbpedia.org/resource/World_Wide_Web,ORG
40355,Slide,10,YouTube,http://dbpedia.org/resource/YouTube,ORG
40355,Slide,10,Winograd,http://dbpedia.org/resource/Terry_Winograd,GPE
40355,Slide,10,Rumelhart,http://dbpedia.org/resource/David_Rumelhart,PERSON
40355,Slide,10,OWL,http://dbpedia.org/resource/Web_Ontology_Language,ORG
40355,Slide,10,SKOS,http://dbpedia.org/resource/Simple_Knowledge_Organization_System,ORG
40355,Slide,10,MAX,http://dbpedia.org/resource/MAX_Light_Rail,ORG
40355,Slide,10,Knowledge Navigator,http://dbpedia.org/resource/Knowledge_Navigator,WORK_OF_ART
40355,Slide,10,Semantic Networks,http://dbpedia.org/resource/Semantic_network,ORG
40355,Slide,10,Description Logic,http://dbpedia.org/resource/Description_logic,PERSON
40355,Slide,10,Oracle Spatial,http://dbpedia.org/resource/Oracle_Spatial_and_Graph,ORG
40355,Slide,10,Wikidata,http://dbpedia.org/resource/Wikidata,ORG
40355,Slide,10,YAGO,http://dbpedia.org/resource/YAGO_(database),ORG
40355,Slide,10,IRI,http://dbpedia.org/resource/Internationalized_Resource_Identifier,ORG
40355,Slide,10,URI,http://dbpedia.org/resource/Uniform_Resource_Identifier,ORG
40355,Slide,10,Java,http://dbpedia.org/resource/Java_virtual_machine,GPE
40355,Slide,10,PHP,http://dbpedia.org/resource/PHP,ORG
40355,Slide,10,The Glass Palace,http://dbpedia.org/resource/The_Glass_Palace,WORK_OF_ART
40355,Slide,10,Harper Collins,http://dbpedia.org/resource/HarperCollins,PERSON
40355,Slide,10,London,http://dbpedia.org/resource/London,GPE
40355,Slide,10,WordNet,http://dbpedia.org/resource/WordNet,ORG
40355,Slide,10,GeoNames,http://dbpedia.org/resource/GeoNames,ORG
40355,Slide,10,Julia,http://dbpedia.org/resource/Julia_the_Elder,GPE
40355,Slide,10,Liverpool,http://dbpedia.org/resource/Liverpool,GPE
40355,Slide,10,Alfred Lennon,http://dbpedia.org/resource/Alfred_Lennon,PERSON
40355,Slide,10,Stuart Russell,http://dbpedia.org/resource/Stuart_J._Russell,PERSON
40355,Slide,10,Peter Norvig,http://dbpedia.org/resource/Peter_Norvig,PERSON
40355,Slide,10,Prentice Hall,http://dbpedia.org/resource/Prentice_Hall,PERSON
40355,Slide,10,RDF Triple,http://dbpedia.org/resource/Semantic_triple,ORG
40355,Slide,10,Json,http://dbpedia.org/resource/JSON,PERSON
40355,Slide,10,Unicode,http://dbpedia.org/resource/Unicode,GPE
40355,Slide,10,Flickr,http://dbpedia.org/resource/Flickr,PERSON
40355,Slide,10,Congress,http://dbpedia.org/resource/United_States_Congress,ORG
40355,Slide,10,TBL,http://dbpedia.org/resource/Basketball_Super_League,ORG
40355,Slide,10,TED,http://dbpedia.org/resource/MOS_Technology_TED,ORG
40355,Slide,10,The Next Web,http://dbpedia.org/resource/The_Next_Web,WORK_OF_ART
40355,Slide,10,vvv,http://dbpedia.org/resource/VVV-Venlo,PRODUCT
40355,Slide,10,thesauri,http://dbpedia.org/resource/Thesaurus,ORG
40355,Slide,10,LOC,http://dbpedia.org/resource/Library_of_Congress,ORG
40355,Slide,10,ISO,http://dbpedia.org/resource/International_Organization_for_Standardization,ORG
40355,Slide,10,The Artist,http://dbpedia.org/resource/The_Artist_and_Journal_of_Home_Culture,WORK_OF_ART
40355,Slide,10,David Wood,http://dbpedia.org/resource/Straitjacket_Fits,PERSON
40355,Slide,10,Wordpress.com,http://dbpedia.org/resource/WordPress.com,ORG
40355,Slide,10,QL,http://dbpedia.org/resource/Sinclair_QL,ORG
40355,Slide,10,Amsterdam,http://dbpedia.org/resource/Amsterdam,GPE
40355,Slide,10,UniProt,http://dbpedia.org/resource/UniProt,ORG
40355,Slide,10,AVG,http://dbpedia.org/resource/AVG_AntiVirus,ORG
40355,Slide,10,Mexico,http://dbpedia.org/resource/Mexico,GPE
40355,Slide,10,ec,http://dbpedia.org/resource/EC_(programming_language),ORG
40355,Slide,10,POST,http://dbpedia.org/resource/Power-on_self-test,ORG
40355,Slide,10,Dieter Fensel,http://dbpedia.org/resource/Dieter_Fensel,PERSON
40355,Slide,10,Freebase,http://dbpedia.org/resource/Freebase,ORG
40355,Slide,10,5.15,http://dbpedia.org/resource/5:15,CARDINAL
40355,Slide,10,Tim Berners-Lee,http://dbpedia.org/resource/Tim_Berners-Lee,PERSON
40355,Slide,10,Canada,http://dbpedia.org/resource/Canada,GPE
40355,Slide,10,BabelNet,http://dbpedia.org/resource/BabelNet,ORG
40355,Slide,10,MusicBrainz,http://dbpedia.org/resource/MusicBrainz,ORG
40355,Slide,10,RDB,http://dbpedia.org/resource/Oracle_Rdb,ORG
40355,Slide,10,OPE,http://dbpedia.org/resource/Ope,ORG
40355,Slide,10,PE,http://dbpedia.org/resource/Pareto_efficiency,ORG
40355,Slide,10,Cham,http://dbpedia.org/resource/Cham_Albanians,PERSON
40355,Slide,10,Springer International Publishing,http://dbpedia.org/resource/Springer_Nature,ORG
40355,Slide,10,Prabhakar Raghavan,http://dbpedia.org/resource/Prabhakar_Raghavan,PERSON
40355,Slide,10,Cambridge University Press,http://dbpedia.org/resource/Cambridge_University_Press,ORG
40355,Slide,10,Netflix,http://dbpedia.org/resource/Netflix,GPE
40355,Slide,10,AP,http://dbpedia.org/resource/Wireless_access_point,ORG
40355,Slide,10,Anthony Julius,http://dbpedia.org/resource/Anthony_Julius,PERSON
40355,Slide,10,Mary,http://dbpedia.org/resource/Mary_Shelley,PERSON
40355,Slide,10,LINE,http://dbpedia.org/resource/Retrotransposon,ORG
40355,Slide,10,John Berryman,http://dbpedia.org/resource/John_Berryman,PERSON
40355,Slide,10,kNN,http://dbpedia.org/resource/K-nearest_neighbors_algorithm,GPE
40355,Slide,10,Enron,http://dbpedia.org/resource/Enron,ORG
40355,Slide,10,Cambridge Analytica,http://dbpedia.org/resource/Cambridge_Analytica,GPE
40355,Slide,10,7.30,http://dbpedia.org/resource/7.30,CARDINAL
40355,Slide,10,British,http://dbpedia.org/resource/United_Kingdom,NORP
40355,Slide,10,BSD License,http://dbpedia.org/resource/BSD_licenses,ORG
40355,Slide,10,Chabacano,http://dbpedia.org/resource/Chavacano,PERSON
40355,Slide,10,James Pustejovsky,http://dbpedia.org/resource/James_Pustejovsky,PERSON
40355,Slide,10,Google Search,http://dbpedia.org/resource/Google_Search,ORG
40355,Slide,10,HBO,http://dbpedia.org/resource/HBO,ORG
40355,Slide,10,Westworld,http://dbpedia.org/resource/Westworld,WORK_OF_ART
40355,Slide,10,Resident Evil,http://dbpedia.org/resource/Resident_Evil,WORK_OF_ART
40355,Slide,10,Red Queen,http://dbpedia.org/resource/Red_Queen_hypothesis,WORK_OF_ART
40355,Slide,10,Zootopia,http://dbpedia.org/resource/Zootopia,WORK_OF_ART
40355,Slide,10,DFA,http://dbpedia.org/resource/Deterministic_finite_automaton,ORG
40355,Slide,10,Boolean,http://dbpedia.org/resource/Boolean_algebra,NORP
40355,Slide,10,Richard Wallace,http://dbpedia.org/resource/Richard_Wallace_(director),PERSON
40355,Slide,10,Concordia,http://dbpedia.org/resource/Concordia_University,GPE
40355,Slide,10,Montreal,http://dbpedia.org/resource/Montreal,GPE
40355,Slide,10,Quebec,http://dbpedia.org/resource/Quebec,GPE
40355,Slide,10,Loyola College,http://dbpedia.org/resource/Loyola_University_Maryland,ORG
40355,Slide,11,Text Mining,http://dbpedia.org/resource/Text_mining,ORG
40355,Slide,11,Recommender Systems,http://dbpedia.org/resource/Recommender_system,PERSON
40355,Slide,11,Intelligent Systems,http://dbpedia.org/resource/Artificial_intelligence,ORG
40355,Slide,11,Concordia University,http://dbpedia.org/resource/Main_Page,ORG
40355,Slide,11,Information Retrieval,http://dbpedia.org/resource/Information_retrieval,FAC
40355,Slide,11,Lucene,http://dbpedia.org/resource/Apache_Lucene,PERSON
40355,Slide,11,Steve Jobs,http://dbpedia.org/resource/Steve_Jobs,PERSON
40355,Slide,11,English,http://dbpedia.org/resource/English_language,LANGUAGE
40355,Slide,11,French,http://dbpedia.org/resource/French_language,LANGUAGE
40355,Slide,11,UIMA,http://dbpedia.org/resource/UIMA,ORG
40355,Slide,11,GATE,http://dbpedia.org/resource/General_Architecture_for_Text_Engineering,ORG
40355,Slide,11,Amazon,http://dbpedia.org/resource/Prime_Video,ORG
40355,Slide,11,Refinitiv,http://dbpedia.org/resource/Refinitiv,ORG
40355,Slide,11,Machine Learning,http://dbpedia.org/resource/Machine_learning,PERSON
40355,Slide,11,IBM,http://dbpedia.org/resource/IBM,ORG
40355,Slide,11,LOD,http://dbpedia.org/resource/Level_of_detail,ORG
40355,Slide,11,RDF,http://dbpedia.org/resource/Resource_Description_Framework,ORG
40355,Slide,11,Mona Lisa,http://dbpedia.org/resource/Mona_Lisa,WORK_OF_ART
40355,Slide,11,DBpedia,http://dbpedia.org/resource/DBpedia,GPE
40355,Slide,11,Layer Cake,http://dbpedia.org/resource/Layer_cake,WORK_OF_ART
40355,Slide,11,metadata,http://dbpedia.org/resource/Metadata,PERSON
40355,Slide,11,SPARQL,http://dbpedia.org/resource/SPARQL,ORG
40355,Slide,11,FOAF,http://dbpedia.org/resource/FOAF_(ontology),ORG
40355,Slide,11,Dublin Core,http://dbpedia.org/resource/Dublin_Core,PERSON
40355,Slide,11,Deep Learning,http://dbpedia.org/resource/Deep_learning,PERSON
40355,Slide,11,Stanford,http://dbpedia.org/resource/Stanford_University,ORG
40355,Slide,11,Apple Siri,http://dbpedia.org/resource/Siri,PERSON
40355,Slide,11,Amazon Alexa,http://dbpedia.org/resource/Amazon_Alexa,ORG
40355,Slide,11,Microsoft Tay,http://dbpedia.org/resource/Tay_(bot),PERSON
40355,Slide,11,Microsoft,http://dbpedia.org/resource/Microsoft,ORG
40355,Slide,11,Gartner,http://dbpedia.org/resource/Gartner,ORG
40355,Slide,11,Perceptron,http://dbpedia.org/resource/Perceptron,ORG
40355,Slide,11,Keras,http://dbpedia.org/resource/Keras,ORG
40355,Slide,11,Word Vectors,http://dbpedia.org/resource/Word_embedding,ORG
40355,Slide,11,Japan,http://dbpedia.org/resource/Japan,GPE
40355,Slide,11,Sushi,http://dbpedia.org/resource/Sushi,GPE
40355,Slide,11,Germany,http://dbpedia.org/resource/Germany,GPE
40355,Slide,11,XOR,http://dbpedia.org/resource/Exclusive_or,ORG
40355,Slide,11,MIT Press,http://dbpedia.org/resource/MIT_Press,ORG
40355,Slide,11,numpy,http://dbpedia.org/resource/NumPy,NORP
40355,Slide,11,Louis Pasteur,http://dbpedia.org/resource/Louis_Pasteur,PERSON
40355,Slide,11,Google,http://dbpedia.org/resource/Google,ORG
40355,Slide,11,Google News,http://dbpedia.org/resource/Google_News,ORG
40355,Slide,11,Facebook,http://dbpedia.org/resource/Facebook,PRODUCT
40355,Slide,11,Harry Potter,http://dbpedia.org/resource/Harry_Potter,PERSON
40355,Slide,11,skip-gram,http://dbpedia.org/resource/N-gram,QUANTITY
40355,Slide,11,Monet,http://dbpedia.org/resource/Claude_Monet,ORG
40355,Slide,11,Berlin,http://dbpedia.org/resource/Berlin,GPE
40355,Slide,11,Pros & Cons,http://dbpedia.org/resource/Pros_&_Cons,ORG
40355,Slide,11,New York,http://dbpedia.org/resource/New_York_City,GPE
40355,Slide,11,PCA,http://dbpedia.org/resource/Principal_component_analysis,ORG
40355,Slide,11,Cole Howard,http://dbpedia.org/resource/Cole_Howard,PERSON
40355,Slide,11,Max,http://dbpedia.org/resource/Max_Fleischer,PERSON
40355,Slide,11,CNN,http://dbpedia.org/resource/Convolutional_neural_network,ORG
40355,Slide,11,DL,http://dbpedia.org/resource/X86,ORG
40355,Slide,11,kernel,http://dbpedia.org/resource/Linux_kernel,PERSON
40355,Slide,11,Overfitting,http://dbpedia.org/resource/Overfitting,ORG
40355,Slide,11,IMDB,http://dbpedia.org/resource/IMDb,ORG
40355,Slide,11,Jeremy Brett,http://dbpedia.org/resource/Jeremy_Brett,PERSON
40355,Slide,11,David Foster,http://dbpedia.org/resource/David_Foster,PERSON
40355,Slide,11,Lennon,http://dbpedia.org/resource/John_Lennon,ORG
40355,Slide,11,API,http://dbpedia.org/resource/Application_programming_interface,ORG
40355,Slide,11,GraphIQ,http://dbpedia.org/resource/Graphiq,ORG
40355,Slide,11,Wikipedia,http://dbpedia.org/resource/Wikipedia,ORG
40355,Slide,11,WWW,http://dbpedia.org/resource/World_Wide_Web,ORG
40355,Slide,11,YouTube,http://dbpedia.org/resource/YouTube,ORG
40355,Slide,11,Winograd,http://dbpedia.org/resource/Terry_Winograd,GPE
40355,Slide,11,Rumelhart,http://dbpedia.org/resource/David_Rumelhart,PERSON
40355,Slide,11,OWL,http://dbpedia.org/resource/Web_Ontology_Language,ORG
40355,Slide,11,SKOS,http://dbpedia.org/resource/Simple_Knowledge_Organization_System,ORG
40355,Slide,11,MAX,http://dbpedia.org/resource/MAX_Light_Rail,ORG
40355,Slide,11,Knowledge Navigator,http://dbpedia.org/resource/Knowledge_Navigator,WORK_OF_ART
40355,Slide,11,Semantic Networks,http://dbpedia.org/resource/Semantic_network,ORG
40355,Slide,11,Description Logic,http://dbpedia.org/resource/Description_logic,PERSON
40355,Slide,11,Oracle Spatial,http://dbpedia.org/resource/Oracle_Spatial_and_Graph,ORG
40355,Slide,11,Wikidata,http://dbpedia.org/resource/Wikidata,ORG
40355,Slide,11,YAGO,http://dbpedia.org/resource/YAGO_(database),ORG
40355,Slide,11,IRI,http://dbpedia.org/resource/Internationalized_Resource_Identifier,ORG
40355,Slide,11,URI,http://dbpedia.org/resource/Uniform_Resource_Identifier,ORG
40355,Slide,11,Java,http://dbpedia.org/resource/Java_virtual_machine,GPE
40355,Slide,11,PHP,http://dbpedia.org/resource/PHP,ORG
40355,Slide,11,The Glass Palace,http://dbpedia.org/resource/The_Glass_Palace,WORK_OF_ART
40355,Slide,11,Harper Collins,http://dbpedia.org/resource/HarperCollins,PERSON
40355,Slide,11,London,http://dbpedia.org/resource/London,GPE
40355,Slide,11,WordNet,http://dbpedia.org/resource/WordNet,ORG
40355,Slide,11,GeoNames,http://dbpedia.org/resource/GeoNames,ORG
40355,Slide,11,Julia,http://dbpedia.org/resource/Julia_the_Elder,GPE
40355,Slide,11,Liverpool,http://dbpedia.org/resource/Liverpool,GPE
40355,Slide,11,Alfred Lennon,http://dbpedia.org/resource/Alfred_Lennon,PERSON
40355,Slide,11,Stuart Russell,http://dbpedia.org/resource/Stuart_J._Russell,PERSON
40355,Slide,11,Peter Norvig,http://dbpedia.org/resource/Peter_Norvig,PERSON
40355,Slide,11,Prentice Hall,http://dbpedia.org/resource/Prentice_Hall,PERSON
40355,Slide,11,RDF Triple,http://dbpedia.org/resource/Semantic_triple,ORG
40355,Slide,11,Json,http://dbpedia.org/resource/JSON,PERSON
40355,Slide,11,Unicode,http://dbpedia.org/resource/Unicode,GPE
40355,Slide,11,Flickr,http://dbpedia.org/resource/Flickr,PERSON
40355,Slide,11,Congress,http://dbpedia.org/resource/United_States_Congress,ORG
40355,Slide,11,TBL,http://dbpedia.org/resource/Basketball_Super_League,ORG
40355,Slide,11,TED,http://dbpedia.org/resource/MOS_Technology_TED,ORG
40355,Slide,11,The Next Web,http://dbpedia.org/resource/The_Next_Web,WORK_OF_ART
40355,Slide,11,vvv,http://dbpedia.org/resource/VVV-Venlo,PRODUCT
40355,Slide,11,thesauri,http://dbpedia.org/resource/Thesaurus,ORG
40355,Slide,11,LOC,http://dbpedia.org/resource/Library_of_Congress,ORG
40355,Slide,11,ISO,http://dbpedia.org/resource/International_Organization_for_Standardization,ORG
40355,Slide,11,The Artist,http://dbpedia.org/resource/The_Artist_and_Journal_of_Home_Culture,WORK_OF_ART
40355,Slide,11,David Wood,http://dbpedia.org/resource/Straitjacket_Fits,PERSON
40355,Slide,11,Wordpress.com,http://dbpedia.org/resource/WordPress.com,ORG
40355,Slide,11,QL,http://dbpedia.org/resource/Sinclair_QL,ORG
40355,Slide,11,Amsterdam,http://dbpedia.org/resource/Amsterdam,GPE
40355,Slide,11,UniProt,http://dbpedia.org/resource/UniProt,ORG
40355,Slide,11,AVG,http://dbpedia.org/resource/AVG_AntiVirus,ORG
40355,Slide,11,Mexico,http://dbpedia.org/resource/Mexico,GPE
40355,Slide,11,ec,http://dbpedia.org/resource/EC_(programming_language),ORG
40355,Slide,11,POST,http://dbpedia.org/resource/Power-on_self-test,ORG
40355,Slide,11,Apache,http://dbpedia.org/resource/Apache_HTTP_Server,PRODUCT
40355,Slide,11,Dieter Fensel,http://dbpedia.org/resource/Dieter_Fensel,PERSON
40355,Slide,11,Freebase,http://dbpedia.org/resource/Freebase,ORG
40355,Slide,11,5.15,http://dbpedia.org/resource/5:15,CARDINAL
40355,Slide,11,Tim Berners-Lee,http://dbpedia.org/resource/Tim_Berners-Lee,PERSON
40355,Slide,11,Canada,http://dbpedia.org/resource/Canada,GPE
40355,Slide,11,BabelNet,http://dbpedia.org/resource/BabelNet,ORG
40355,Slide,11,MusicBrainz,http://dbpedia.org/resource/MusicBrainz,ORG
40355,Slide,11,RDB,http://dbpedia.org/resource/Oracle_Rdb,ORG
40355,Slide,11,OPE,http://dbpedia.org/resource/Ope,ORG
40355,Slide,11,PE,http://dbpedia.org/resource/Pareto_efficiency,ORG
40355,Slide,11,Cham,http://dbpedia.org/resource/Cham_Albanians,PERSON
40355,Slide,11,Springer International Publishing,http://dbpedia.org/resource/Springer_Nature,ORG
40355,Slide,11,Prabhakar Raghavan,http://dbpedia.org/resource/Prabhakar_Raghavan,PERSON
40355,Slide,11,Cambridge University Press,http://dbpedia.org/resource/Cambridge_University_Press,ORG
40355,Slide,11,Netflix,http://dbpedia.org/resource/Netflix,GPE
40355,Slide,11,AP,http://dbpedia.org/resource/Wireless_access_point,ORG
40355,Slide,11,Anthony Julius,http://dbpedia.org/resource/Anthony_Julius,PERSON
40355,Slide,11,Mary,http://dbpedia.org/resource/Mary_Shelley,PERSON
40355,Slide,11,LINE,http://dbpedia.org/resource/Retrotransposon,ORG
40355,Slide,11,John Berryman,http://dbpedia.org/resource/John_Berryman,PERSON
40355,Slide,11,kNN,http://dbpedia.org/resource/K-nearest_neighbors_algorithm,GPE
40355,Slide,11,Enron,http://dbpedia.org/resource/Enron,ORG
40355,Slide,11,Cambridge Analytica,http://dbpedia.org/resource/Cambridge_Analytica,GPE
40355,Slide,11,7.30,http://dbpedia.org/resource/7.30,CARDINAL
40355,Slide,11,British,http://dbpedia.org/resource/United_Kingdom,NORP
40355,Slide,11,BSD License,http://dbpedia.org/resource/BSD_licenses,ORG
40355,Slide,11,Chabacano,http://dbpedia.org/resource/Chavacano,PERSON
40355,Slide,11,Python,http://dbpedia.org/resource/Monty_Python,PERSON
40355,Slide,11,James Pustejovsky,http://dbpedia.org/resource/James_Pustejovsky,PERSON
40355,Slide,11,Google Search,http://dbpedia.org/resource/Google_Search,ORG
40355,Slide,11,HBO,http://dbpedia.org/resource/HBO,ORG
40355,Slide,11,Westworld,http://dbpedia.org/resource/Westworld,WORK_OF_ART
40355,Slide,11,Resident Evil,http://dbpedia.org/resource/Resident_Evil,WORK_OF_ART
40355,Slide,11,Red Queen,http://dbpedia.org/resource/Red_Queen_hypothesis,WORK_OF_ART
40355,Slide,11,Zootopia,http://dbpedia.org/resource/Zootopia,WORK_OF_ART
40355,Slide,11,DFA,http://dbpedia.org/resource/Deterministic_finite_automaton,ORG
40355,Slide,11,Boolean,http://dbpedia.org/resource/Boolean_algebra,NORP
40355,Slide,11,Richard Wallace,http://dbpedia.org/resource/Richard_Wallace_(director),PERSON
40355,Slide,11,Concordia,http://dbpedia.org/resource/Concordia_University,GPE
40355,Slide,11,Montreal,http://dbpedia.org/resource/Montreal,GPE
40355,Slide,11,Quebec,http://dbpedia.org/resource/Quebec,GPE
40355,Slide,11,Loyola College,http://dbpedia.org/resource/Loyola_University_Maryland,ORG
40355,Slide,11,NLTK,http://dbpedia.org/resource/Natural_Language_Toolkit,ORG
40355,Slide,11,PDF,http://dbpedia.org/resource/PDF,ORG
40355,Slide,11,UK,http://dbpedia.org/resource/British_English,GPE
40355,Slide,11,LGPL,http://dbpedia.org/resource/GNU_Lesser_General_Public_License,GPE
40355,Slide,11,OpenNLP,http://dbpedia.org/resource/Apache_OpenNLP,DATE
40355,Slide,11,PyTorch,http://dbpedia.org/resource/PyTorch,ORG
40355,Slide,11,JAPE,http://dbpedia.org/resource/Computational_humor,ORG
40355,Slide,11,EOS,http://dbpedia.org/resource/Canon_EOS,ORG
40355,Slide,11,Lemmatization,http://dbpedia.org/resource/Lemmatisation,PERSON
40355,Slide,11,Porter,http://dbpedia.org/resource/Cole_Porter,PERSON
40355,Slide,11,Snowball,http://dbpedia.org/resource/Simpson_family,PERSON
40355,Slide,11,C7,http://dbpedia.org/resource/Cervical_vertebrae,PERSON
40355,Slide,11,Denver,http://dbpedia.org/resource/Denver,GPE
40355,Slide,11,Roman Catholic Church,http://dbpedia.org/resource/Catholic_Church,ORG
40355,Slide,11,GST,http://dbpedia.org/resource/Value-added_tax,ORG
40355,Slide,11,Aspergillus,http://dbpedia.org/resource/Aspergillus,ORG
40355,Slide,11,Chapter 11,"http://dbpedia.org/resource/Chapter_11,_Title_11,_United_States_Code",LAW
40355,Slide,11,Daniel Jurafsky,http://dbpedia.org/resource/Daniel_Jurafsky,PERSON
